Name,Label,,afwm4,alwm2,alwm3,,,,agwm4,,aowm2,arwm4,azwm2,,,bdwm3,bdwm5,bbwm4,blwm3,blwm4,bzwm3,bzwm4,,,btwm4,,bowm2,bhwm2,bhwm3,bhwm4,bswm2,,bfwm3,,buwm2,buwm3,cmwm2,cmwm3,cmwm5,,cfwm2,cfwm3,cfwm4,,tdwm2,tdwm4,,kmwm2,,crwm4,,,ciwm2,ciwm3,,,,cuwm3,cuwm4,cuwm5,,,,cdwm2,cdwm4,djwm3,drwm2,drwm5,,eswm5,,eqwm2,,,,gmwm2,gmwm3,,,gewm3,,ghwm3,ghwm4,,,,gbwm2,gbwm3,,gbwm5,gywm2,gywm3,gywm5,,,,idwm2,,,,,irwm2,irwm3,irwm4,,jawm3,jawm4,kkwm3,kkwm4,kkwm5,kewm2,,kywm3,kywm5,,lawm2,lawm3,lawm4,,,lswm2,,,,mdwm2,,mwwm3,mwwm5,,,,,,,mrwm3,mrwm4,,mxwm5,,mowm2,mowm3,mowm4,mowm5,mtwm3,mtwm5,,mzwm3,,mywm2,,,,,,,,,,,,,,,,,,,,,,,,,,,,,,,,,,,,,egwm4,kowm5,,,,,,,,,,,npwm5,,niwm2,,,ngwm3,ngwm4,,,,,,pnwm5,,,phwm2,,mbwm2,mbwm4,rwwm2,sawm4,,stwm2,,stwm5,,snwm2,sbwm3,sbwm4,sbwm5,,slwm2,slwm3,slwm4,,,smwm3,,sdwm2s,sswm4,,pswm4,pswm5,,sdwm2n,sdwm4,sdwm5,suwm2,suwm3,suwm4,,,szwm2,szwm4,szwm5,,,sywm3,tjwm2,tjwm3,,mcwm3,mcwm4,thwm3,thwm4,,,tgwm2,tgwm3,tgwm4,ttwm2,ttwm3,,,,tnwm4,,,tmwm3,tmwm5,,uawm3,uawm4,,,urwm4,uzwm2,uzwm3,vawm3,vzwm2,,vnwm2,vnwm3,vnwm4,vnwm5,,yewm3,,zmwm2,zwwm3,zwwm5,,,,,,,
MARSTAT,Marital status,,MSTATUS,MSTATUS,mstatus,,,,MSTATUS,,MSTATUS,,MSTATUS,,,mstatus,MSTATUS,MSTATUS,Mstatus,MSTATUS,,MSTATUS,,,MSTATUS,,MSTATUS,MSTATUS,mstatus,MSTATUS,,,mstatus,,MSTATUS,mstatus,MSTATUS,mstatus,MSTATUS,,MSTATUS,mstatus,MSTATUS,,MSTATUS,MSTATUS,,MSTATUS,,MSTATUS,,,MSTATUS,mstatus,,,,,MSTATUS,MSTATUS,,,,MSTATUS,MSTATUS,mstatus,MSTATUS,MSTATUS,,MSTATUS,,MSTATUS,,,,MSTATUS,mstatus,,,mstatus,,mstatus,MSTATUS,,,,MSTATUS,mstatus,,MSTATUS,MSTATUS,mstatus,MSTATUS,,,,MSTATUS,,,,,MSTATUS,mstatus,MSTATUS,,mstatus,MSTATUS,mstatus,MSTATUS,MSTATUS,,,mstatus,MSTATUS,,MSTATUS,,MSTATUS,,,MSTATUS,,,,MSTATUS,,mstatus,MSTATUS,,,,,,,mstatus,MSTATUS,,MSTATUS,,MSTATUS,mstatus,MSTATUS,MSTATUS,mstatus,MSTATUS,,MSTATUS,,MSTATUS,,,,,,,,,,,,,,,,,,,,,,,,,,,,,,,,,,,,,MSTATUS,MSTATUS,,,,,,,,,,,MSTATUS,,etatmat,,,MSTATUS,MSTATUS,,,,,,MSTATUS,,,MSTATUS,,MSTATUS,MSTATUS,MSTATUS,MSTATUS,,MSTATUS,,MSTATUS,,MSTATUS,mstatus,MSTATUS,MSTATUS,,MSTATUS,mstatus,MSTATUS,,,mstatus,,mstatus,MSTATUS,,mstatus,MSTATUS,,MSTATUS,MSTATUS,MSTATUS,MSTATUS,mstatus,MSTATUS,,,MSTATUS,MSTATUS,MSTATUS,,,mstatus,MSTATUS,mstatus,,mstatus,MSTATUS,mstatus,mstatus,,,MSTATUS,mstatus,MSTATUS,MSTATUS,mstatus,,,,MSTATUS,,,mstatus,MSTATUS,,mstatus,MSTATUS,,,MSTATUS,MSTATUS,mstatus,mstatus,MSTATUS,,MSTATUS,mstatus,MSTATUS,MSTATUS,,mstatus,,MSTATUS,mstatus,MSTATUS,,,,,,,
AGE5YEAR,Age in 5 year groups,,WAGE,WAGE,wage,,,,WAGE,,WAGE,WAGE,WAGE,,,wage,WAGE,WAGE,Wage,WAGE,wage,WAGE,,,WAGE,,WAGE,WAGE,wage,WAGE,,,wage,,WAGE,wage,wage1,wage,WAGE,,WAGE,wage,WAGE,,WAGE,WAGE,,WAGE,,WAGE,,,WAGE,wage,,,,wage,WAGE,WAGE,,,,WAGE,WAGE,wage,WAGE,WAGE,,WAGE,,WAGE,,,,WAGE,wage,,,wage,,wage,WAGE,,,,WAGE,wage,,WAGE,WAGE,wage,WAGE,,,,WAGE,,,,,WAGE,wage,WAGE,,wage,WAGE,wage,WAGE,WAGE,WAGE,,wage,WAGE,,WAGE,wage,WAGE,,,WAGE,,,,WAGE,,wage,WAGE,,,,,,,wage,WAGE,,WAGE,,WAGE,wage,WAGE,WAGE,wage,WAGE,,WAGE,,WAGE,,,,,,,,,,,,,,,,,,,,,,,,,,,,,,,,,,,,,WAGE,,,,,,,,,,,,WAGE,,WAGE,,,WAGE,WAGE,,,,,,WAGE,,,WAGE,,WAGE,WAGE,WAGE,WAGE,,WAGE,,WAGE,,WAGE,wage,WAGE,WAGE,,WAGE,wage,WAGE,,,wage,,wage,WAGE,,wage,WAGE,,WAGE,WAGE,WAGE,WAGE,wage,WAGE,,,WAGE,WAGE,WAGE,,,wage,WAGE,wage,,wage,WAGE,wage,wage,,,WAGE,wage,WAGE,WAGE,wage,,,,WAGE,,,wage,WAGE,,wage,WAGE,,,WAGE,WAGE,wage,wage,WAGE,,WAGE,wage,WAGE,WAGE,,wage,,WAGE,wage,WAGE,,,,,,,
INTRESULT,Result of individual interview,,wm7,,wm7,,,,,,,wm7,,,,wm7,wm7,wm7,wm7,wm7,wm7,wm7,,,wm7,,,,wm7,wm7,,,wm7,,,wm7,,wm7,WM7,,,wm7,wm7,,,wm7,,,,,,,,wm7,,,,wm7,wm7,wm7,,,,,wm7,wm7,,,,wm7,,,,,,,wm7,,,wm7,,wm7,wm7,,,,,wm7,,WM7,,wm7,WM7,,,,,,,,,,wm7,wm7,,wm7,wm7,wm7,wm7,wM7,,,wm7,wm7,,,wm7,wm7,,,,,,,,,wm7,wm7,,,,,,,wm7,wm7,,WM7,,,wm7,wm7,wm7,wm7,wm7,,wm7,,,,,,,,,,,,,,,,,,,,,,,,,,,,,,,,,,,,,,,WM7,,,,,,,,,,,,wm7,,,,,wm7,wm7,,,,,,WM7,,,,,,,,wm7,,,,WM7,,,wm7,wm7,wm7,,,wm7,wm7,,,wm7,,,wm7,,wm7,wm7,,,wm7,wm7,,wm7,wm7,,,,wm7,WM7,,,wm7,,wm7,,wm7,wm7,wm7,wm7,,,,wm7,wm7,,wm7,,,,wm7,,,,WM7,,wm7,,,,,,wm7,wm7,,,,wm7,wm7,wm7,,wm7,,,wm7,wm7,,,,,,,
PERWEIGHT,Sample weight for persons,,wmweight,wmweight,wmweight,,,,wmweight,,wmweight,wmweight,wmweight,,,wmweight,wmweight,wmweight,wmweight,wmweight,wmweight,wmweight,,,wmweight,,wmweight,wmweight,wmweight,wmweight,,,wmweight,,,wmweight,wmweight,wmweight,wmweight,,wmweight,wmweight,wmweight,,wmweight,wmweight,,wmweight,,wmweight,,,wmweight,wmweight,,,,wmweight,wmweight,wmweight,,,,wmweight,wmweight,wmweight,wmweight,wmweight,,,,wmweight,,,,wmweight,wmweight,,,wmweight,,wmweight,wmweight,,,,wmweight,wmweight,,wmweight,wmweight,wmweight,wmweight,,,,wmweight,,,,,wmweight,wmweight,wmweight,,wmweight,wmweight,wmweight,wmweight,,wmweight,,wmweight,wmweight,,wmweight,wmweight,wmweight,,,,,,,wmweight,,wmweight,wmweight,,,,,,,wmweight,wmweight,,,,wmweight,wmweight,wmweight,wmweight,wmweight,wmweight,,wmweight,,wmweight,,,,,,,,,,,,,,,,,,,,,,,,,,,,,,,,,,,,,wmweight,,,,,,,,,,,,wmweight,,wmweight,,,wmweight,wmweight,,,,,,wmweight,,,wmweight,,wmweight,,wmweight,wmweight,,wmweight,,WMWEIGHT,,wmweight,wmweight,wmweight,wmweight,,wmweight,wmweight,wmweight,,,wmweight,,wmweight,wmweight,,wmweight,wmweight,,wmweight,wmweight,wmweight,wmweight,wmweight,wmweight,,,wmweight,wmweight,wmweight,,,wmweight,,wmweight,,wmweight,wmweight,wmweight,wmweight,,,wmweight,wmweight,wmweight,,wmweight,,,,wmweight,,,wmweight,wmweight,,wmweight,wmweight,,,wmweight,wmweight,wmweight,wmweight,wmweight,,wmweight,wmweight,wmweight,wmweight,,wmweight,,wmweight,wmweight,wmweight,,,,,,,
FPNOW,Current use of family planning,,CP2,CU3,CP2,,,,CP2,,CU3,CP2,CU3,,,,CP2,CP2,CP2,CP2,cp2,CP2,,,CP2,,CU3,CU3,CP2,CP2,,,CP2,,CU3,CP2,CU3,CP2,CP2,,CU3,CP2,CP2,,CU3,CP2,,CU3,,CP2,,,,CP2,,,,CP2,CP2,CP2,,,,CU3,CP2,CP2,CU3,CP2,,CP2,,CU3,,,,CU3,,,,CP2,,CP2,CP2,,,,CU3,CP2,,CP2,CU3,CP2,CP2,,,,,,,,,CU3,cp2,CP2,,,,CP2,CP2,CP2,,,cp2,CP2,,,,CP2,,,CU3,,,,CU3,,CP2,CP2,,,,,,,,CP2,,CP2,,CU3,CP2,CP2,CP2,CP2,CP2,,CP2,,,,,,,,,,,,,,,,,,,,,,,,,,,,,,,,,,,,,,,,CP2,,,,,,,,,,,CP2,,CU3,,,CP2,CP2,,,,,,CP2,,,,,CU3,CP2,,CP2,,CU3,,CP2,,,CP2,,CP2,,CU3,CP2,CP2,,,CP2,,,CP2,,CP2,CP2,,,CP2,CP2,CU3,cp2,CP2,,,CU3,CP2,CP2,,,cp2,CU3,CP2,,CP2,CP2,cp2,CP2,,,CU3,cp2,CP2,CU3,CP2,,,,CP2,,,CP2,CP2,,CP2,CP2,,,,CU3,CP2,cp2,,,CU3,cp2,CP2,CP2,,CP2,,CU3,cp2,CP2,,,,,,,
FPNOWUSFST,FP method currently used: Female sterilization ,,CP3A,CU4A,CP3A,,,,CP3A,,CU4A,CP3A,CU4A,,,,CP3A,CP3A,CP3A,CP3A,cp3a,CP3A,,,CP3A,,CU4A,CU4A,CP3A,CP3A,,,CP3A,,CU4A,CP3A,,CP3A,CP3A,,CU4A,CP3A,CP3A,,CU4A,CP3A,,CU4A,,CP3A,,,,CP3A,,,,CP3A,CP3A,CP3A,,,,CU4A,CP3A,CP3A,CU4A,CP3A,,CP3A,,CU4A,,,,cu4a,,,,CP3A,,CP3A,CP3A,,,,CU4A,CP3A,,CP3A,CU4A,CP3A,CP3A,,,,,,,,,CU4A,cp3a,CP3A,,,,CP3A,CP3A,CP3A,,,cp3a,CP3A,,,,CP3A,,,CU4A,,,,,,CP3A,CP3A,,,,,,,,CP3A,,CP3A,,CU4A,CP3A,CP3_A,CP3A,CP3A,CP3A,,CP3A,,,,,,,,,,,,,,,,,,,,,,,,,,,,,,,,,,,,,,,,,,,,,,,,,,,CP3A,,CU4A,,,CP3A,CP3A,,,,,,CP3A,,,,,CU4A,CP3A,,CP3A,,CU4A,,Cp3A,,,CP3A,CP3A,CP3A,,CU4A,CP3A,CP3A,,,,,,CP3A,,CP3_A,CP3A,,,CP3A,,CU4A,cp3a,CP3A,,,CU4A,CP3A,CP3A,,,cp3a,CU4A,CP3A,,CP3A,CP3A,cp3a,CP3A,,,CU4A,cp3a,CP3A,CU4A,CP3A,,,,CP3A,,,,CP3A,,CP3A,CP3A,,,,CU4A,CP3A,cp3a,,,CU4A,CP3A,CP3A,CP3A,,CP3A,,,CP3A,CP3A,,,,,,,
FPNOWUSMST,FP method currently used: Male sterilization ,,CP3B,CU4B,CP3B,,,,CP3B,,CU4B,CP3B,CU4B,,,,CP3B,CP3B,CP3B,CP3B,cp3b,CP3B,,,CP3B,,CU4B,CU4B,CP3B,CP3B,,,CP3B,,CU4B,CP3B,,CP3B,CP3B,,CU4B,CP3B,CP3B,,CU4B,CP3B,,CU4B,,CP3B,,,,CP3B,,,,CP3B,CP3B,CP3B,,,,CU4B,CP3B,CP3B,CU4B,CP3B,,CP3B,,CU4B,,,,,,,,CP3B,,CP3B,CP3B,,,,CU4B,CP3B,,CP3B,CU4B,CP3B,CP3B,,,,,,,,,CU4B,cp3b,,,,,CP3B,CP3B,CP3B,,,cp3b,CP3B,,,,CP3B,,,CU4B,,,,,,CP3B,CP3B,,,,,,,,CP3B,,CP3B,,CU4B,CP3B,CP3_B,CP3B,CP3B,CP3B,,CP3B,,,,,,,,,,,,,,,,,,,,,,,,,,,,,,,,,,,,,,,,,,,,,,,,,,,CP3B,,CU4B,,,CP3B,CP3B,,,,,,CP3B,,,,,CU4B,CP3B,,CP3B,,CU4B,,CP3B,,,CP3B,CP3B,CP3B,,CU4B,CP3B,CP3B,,,,,,CP3B,,CP3_B,CP3B,,,CP3B,,CU4B,cp3b,CP3B,,,CU4B,CP3B,CP3B,,,cp3b,CU4B,CP3B,,CP3B,CP3B,cp3b,CP3B,,,CU4B,cp3b,CP3B,CU4B,CP3B,,,,CP3B,,,,CP3B,,CP3B,CP3B,,,,CU4B,CP3B,cp3b,,,CU4B,CP3B,CP3B,CP3B,,CP3B,,,CP3B,CP3B,,,,,,,
FPNOWUSIUD,FP method currently used: IUD ,,CP3C,CU4D,,,,,CP3C,,CU4D,CP3C,CU4D,,,,CP3C,CP3C,CP3D,CP3C,cp3d,CP3C,,,CP3C,,CU4D,CU4D,CP3D,CP3C,,,CP3D,,CU4D,CP3D,,CP3D,CP3C,,CU4D,CP3D,CP3C,,CU4D,CP3C,,CU4D,,CP3C,,,,CP3D,,,,CP3D,CP3C,CP3C,,,,CU4D,CP3C,CP3D,CU4D,CP3C,,CP3C,,CU4D,,,,CU4C,,,,CP3D,,CP3D,CP3C,,,,CU4D,CP3D,,CP3C,CU4D,CP3D,CP3C,,,,,,,,,CU4D,cp3d,CP3C,,,,CP3D,CP3C,CP3C,,,cp3d,CP3C,,,,CP3C,,,CU4D,,,,,,CP3D,CP3C,,,,,,,,CP3C,,CP3C,,CU4F,CP3F,CP3_C,CP3C,CP3D,CP3C,,CP3D,,,,,,,,,,,,,,,,,,,,,,,,,,,,,,,,,,,,,,,,,,,,,,,,,,,CP3C,,CU4D,,,CP3D,CP3C,,,,,,CP3C,,,,,CU4D,CP3C,,CP3C,,CU4D,,CP3C,,,CP3D,CP3C,CP3C,,CU4D,CP3D,CP3C,,,CP3D,,,CP3C,,CP3_C,CP3C,,,CP3C,CP3C,CU4D,cp3d,CP3C,,,CU4D,CP3C,CP3C,,,cp3d,CU4D,CP3D,,CP3D,CP3C,cp3d,CP3C,,,CU4D,cp3d,CP3C,CU4D,CP3D,,,,CP3C,,,CP3D,CP3C,,CP3D,CP3C,,,,CU4D,CP3D,cp3d,,,CU4D,CP3D,CP3C,CP3C,,CP3D,,,CP3D,CP3C,,,,,,,
FPNOWUSIUS,FP method currently used: IUS,,,,,,,,,,,,,,,,,,,,,,,,,,,,,,,,,,,,,,,,,,,,,,,,,,,,,,,,,,,,,,,,,,,,,,,,,,,,,,,,,,CP3N,,,,,,,,,,,,,,,,,,,,,,,,,,,,,,,,,,,,,,,,,,,,,,,,,,,,,,,,,,,,,,,,,,,,,,,,,,,,,,,,,,,,,,,,,,,,,,,,,,,,,,,,,,,,,,,,,,,,,,,,,,,,,,,,,,,,,,,,,,,,,,,,,,,,,,,,,,,,,,,,,,,,,,,,,,,,,,,,,,,,,,,,,,,,,,,,,,,,,,,,,,,,,,,,,,,,,,,,,,,,,,
FPNOWUSINJ,FP method currently used: Injections ,,CP3D,CU4E,CP3E,,,,CP3D,,CU4E,CP3D,CU4E,,,,CP3D,CP3D,CP3E,CP3D,cp3e,CP3D,,,CP3D,,CU4E,CU4E,CP3E,CP3D,,,CP3E,,CU4E,CP3E,,CP3E,CP3D,,CU4E,CP3E,CP3D,,CU4E,CP3D,,CU4E,,CP3D,,,,CP3E,,,,CP3E,CP3D,CP3D,,,,CU4E,CP3D,CP3E,CU4E,CP3D,,,,CU4E,,,,CU4D,,,,CP3E,,CP3E,CP3D,,,,CU4E,CP3E,,CP3D,CU4E,CP3E,CP3D,,,,,,,,,CU4E,cp3e,CP3D,,,,CP3E,CP3D,CP3D,,,cp3e,CP3D,,,,CP3D,,,CU4E,,,,,,CP3E,CP3D,,,,,,,,CP3D,,CP3D,,CU4E,CP3E,CP3_D,CP3D,CP3E,CP3D,,CP3E,,,,,,,,,,,,,,,,,,,,,,,,,,,,,,,,,,,,,,,,,,,,,,,,,,,CP3D,,CU4E,,,CP3E,CP3D,,,,,,CP3D,,,,,CU4E,CP3D,,CP3D,,CU4E,,CP3D,,,CP3E,CP3D,CP3D,,CU4E,CP3E,CP3D,,,CP3E,,,CP3D,,CP3_D,CP3D,,,CP3D,CP3D,CU4E,cp3e,CP3D,,,CU4E,CP3D,CP3D,,,cp3e,CU4E,CP3E,,CP3E,CP3D,cp3e,CP3D,,,CU4E,cp3e,CP3D,CU4E,CP3E,,,,CP3D,,,CP3E,CP3D,,CP3E,CP3D,,,,CU4E,CP3E,cp3e,,,CU4E,CP3E,CP3D,CP3D,,CP3E,,,CP3E,CP3D,,,,,,,
FPNOWUSINJ1,FP method currently used: Injections monthly,,,,,,,,,,,,,,,,,,,,,,,,,,,,,,,,,,,,,,,,,,,,,,,,,,,,,,,,,,,,,,,,,,,,,CP3Q,,,,,,,,,,,,,,,,,,,,,,,,,,,,,,,,,,,,,,,,,,,,,,,,,,,,,,,,,,,,,,,,,,,,,,,,,,,,,,,,,,,,,,,,,,,,,,,,,,,,,,,,,,,,,,,,,,,,,,,,,,,,,,,,,,,,,,,,,,,,,,,,,,,,,,,,,,,,,,,,,,,,,,,,,,,,,,,,,,,,,,,,,,,,,,,,,,,,,,,,,,,,,,,,,,,,,,,,,,,,,,,,,,,,,,,,,,,
FPNOWUSINJ2,FP method currently used: Injections 2 months,,,,,,,,,,,,,,,,,,,,,,,,,,,,,,,,,,,,,,,,,,,,,,,,,,,,,,,,,,,,,,,,,,,,,CP3R,,,,,,,,,,,,,,,,,,,,,,,,,,,,,,,,,,,,,,,,,,,,,,,,,,,,,,,,,,,,,,,,,,,,,,,,,,,,,,,,,,,,,,,,,,,,,,,,,,,,,,,,,,,,,,,,,,,,,,,,,,,,,,,,,,,,,,,,,,,,,,,,,,,,,,,,,,,,,,,,,,,,,,,,,,,,,,,,,,,,,,,,,,,,,,,,,,,,,,,,,,,,,,,,,,,,,,,,,,,,,,,,,,,,,,,,,,,
FPNOWUSINJ3,FP method currently used: Injections 3 months,,,,,,,,,,,,,,,,,,,,,,,,,,,,,,,,,,,,,,,,,,,,,,,,,,,,,,,,,,,,,,,,,,,,,CP3S,,,,,,,,,,,,,,,,,,,,,,,,,,,,,,,,,,,,,,,,,,,,,,,,,,,,,,,,,,,,,,,,,,,,,,,,,,,,,,,,,,,,,,,,,,,,,,,,,,,,,,,,,,,,,,,,,,,,,,,,,,,,,,,,,,,,,,,,,,,,,,,,,,,,,,,,,,,,,,,,,,,,,,,,,,,,,,,,,,,,,,,,,,,,,,,,,,,,,,,,,,,,,,,,,,,,,,,,,,,,,,,,,,,,,,,,,,,
FPNOWUSIMP,FP method currently used: Implants ,,CP3E,CU4F,,,,,CP3E,,CU4F,CP3E,CU4F,,,,CP3E,CP3E,CP3F,CP3E,cp3f,CP3E,,,CP3E,,CU4F,CU4F,CP3F,CP3E,,,CP3F,,CU4F,CP3F,,CP3F,CP3E,,CU4F,CP3F,CP3E,,,CP3E,,CU4F,,CP3E,,,,CP3F,,,,CP3F,CP3E,CP3E,,,,CU4F,CP3E,CP3F,CU4F,CP3E,,CP3E,,CU4F,,,,CU4E,,,,CP3F,,CP3F,CP3E,,,,CU4F,CP3F,,CP3E,CU4F,CP3F,CP3E,,,,,,,,,CU4F,cp3f,CP3E,,,,CP3F,CP3E,CP3E,,,cp3f,CP3E,,,,CP3E,,,CU4F,,,,,,CP3F,CP3E,,,,,,,,CP3E,,CP3E,,CU4D,CP3D,CP3_E,CP3E,CP3F,CP3E,,CP3F,,,,,,,,,,,,,,,,,,,,,,,,,,,,,,,,,,,,,,,,,,,,,,,,,,,CP3E,,CU4F,,,CP3F,CP3E,,,,,,CP3E,,,,,CU4F,CP3E,,CP3E,,CU4F,,CP3E,,,CP3F,CP3E,CP3E,,CU4F,CP3F,CP3E,,,,,,CP3E,,,CP3E,,,CP3E,CP3E,CU4F,cp3f,CP3E,,,CU4F,CP3E,CP3E,,,cp3f,CU4F,CP3F,,CP3F,CP3E,cp3f,CP3E,,,CU4F,cp3f,CP3E,CU4F,CP3F,,,,CP3E,,,CP3F,CP3E,,CP3F,CP3E,,,,CU4F,CP3F,cp3f,,,CU4F,CP3F,CP3E,CP3E,,CP3F,,,CP3F,CP3E,,,,,,,
FPNOWUSPILL,FP method currently used: Pill ,,CP3F,CU4C,CP3C,,,,CP3F,,CU4C,CP3F,CU4C,,,,CP3F,CP3F,CP3C,CP3F,cp3c,CP3F,,,CP3F,,CU4C,CU4C,CP3C,CP3F,,,CP3C,,CU4C,CP3C,,CP3C,CP3F,,CU4C,CP3C,CP3F,,CU4C,CP3F,,CU4C,,CP3F,,,,CP3C,,,,CP3C,CP3F,CP3F,,,,CU4C,CP3F,CP3C,CU4C,CP3F,,CP3F,,CU4C,,,,CU4B,,,,CP3C,,CP3C,CP3F,,,,CU4C,CP3C,,CP3F,CU4C,CP3C,CP3F,,,,,,,,,CU4C,cp3c,CP3F,,,,CP3C,CP3F,CP3F,,,cp3c,CP3F,,,,CP3F,,,CU4C,,,,,,CP3C,CP3F,,,,,,,,CP3F,,CP3F,,CU4C,CP3C,CP3_F,CP3F,CP3C,CP3F,,CP3C,,,,,,,,,,,,,,,,,,,,,,,,,,,,,,,,,,,,,,,,,,,,,,,,,,,CP3F,,CU4C,,,CP3C,CP3F,,,,,,CP3F,,,,,CU4C,CP3F,,CP3F,,CU4C,,CP3F,,,CP3C,CP3F,CP3F,,CU4C,CP3C,CP3F,,,CP3C,,,CP3F,,CP3_F,CP3F,,,CP3F,CP3F,CU4C,cp3c,CP3F,,,CU4C,CP3F,CP3F,,,cp3c,CU4C,CP3C,,CP3C,CP3F,cp3c,CP3F,,,CU4C,cp3c,CP3F,CU4C,CP3C,,,,CP3F,,,CP3C,CP3F,,CP3C,CP3F,,,,CU4C,CP3C,cp3c,,,CU4C,CP3C,CP3F,CP3F,,CP3C,,,CP3C,CP3F,,,,,,,
FPNOWUSCONM,FP method currently used: Condom (male),,CP3G,CU4G,CP3G,,,,CP3G,,CU4G,CP3G,CU4G,,,,CP3G,CP3G,CP3G,CP3G,cp3g,CP3G,,,CP3G,,CU4G,CU4G,CP3G,CP3G,,,CP3G,,CU4G,CP3G,,CP3G,CP3G,,CU4G,CP3G,CP3G,,CU4G,CP3G,,CU4G,,CP3G,,,,CP3G,,,,CP3G,CP3G,CP3G,,,,CU4G,CP3G,CP3G,CU4G,CP3G,,CP3G,,CU4G,,,,CU4F,,,,CP3G,,CP3G,CP3G,,,,CU4G,CP3G,,CP3G,CU4G,CP3G,CP3G,,,,,,,,,CU4G,cp3g,CP3G,,,,CP3G,CP3G,CP3G,,,cp3g,CP3G,,,,CP3G,,,CU4G,,,,,,CP3G,CP3G,,,,,,,,CP3G,,CP3G,,CU4G,CP3G,CP3_G,CP3G,CP3G,CP3G,,CP3G,,,,,,,,,,,,,,,,,,,,,,,,,,,,,,,,,,,,,,,,,,,,,,,,,,,CP3G,,CU4G,,,CP3G,CP3G,,,,,,CP3G,,,,,CU4G,CP3G,,CP3G,,CU4G,,CP3G,,,CP3G,CP3G,CP3G,,CU4G,CP3G,CP3G,,,CP3G,,,CP3G,,CP3_G,CP3G,,,CP3G,CP3G,CU4G,cp3g,CP3G,,,CU4G,CP3G,CP3G,,,cp3g,CU4G,CP3G,,CP3G,CP3G,cp3g,CP3G,,,CU4G,cp3g,CP3G,CU4G,CP3G,,,,CP3G,,,CP3G,CP3G,,CP3G,CP3G,,,,CU4G,CP3G,cp3g,,,CU4G,CP3G,CP3G,CP3G,,CP3G,,,CP3G,CP3G,,,,,,,
FPNOWUSCONF,FP method currently used: Condom (female),,CP3H,CU4H,,,,,CP3H,,CU4H,CP3H,CU4H,,,,CP3H,CP3H,CP3H,CP3H,cp3h,CP3H,,,CP3H,,CU4H,CU4H,CP3H,CP3H,,,CP3H,,CU4H,CP3H,,CP3H,CP3H,,CU4H,CP3H,CP3H,,,CP3H,,CU4H,,CP3H,,,,CP3H,,,,CP3H,CP3H,CP3H,,,,CU4H,CP3H,CP3H,CU4H,CP3H,,CP3H,,CU4H,,,,CU4G,,,,CP3H,,CP3H,CP3H,,,,CU4H,CP3H,,CP3H,CU4H,CP3H,CP3H,,,,,,,,,CU4H,cp3h,CP3H,,,,CP3H,CP3H,CP3H,,,cp3h,CP3H,,,,CP3H,,,CU4H,,,,,,CP3H,CP3H,,,,,,,,CP3H,,CP3H,,CU4H,CP3H,CP3_H,CP3H,CP3H,CP3H,,CP3H,,,,,,,,,,,,,,,,,,,,,,,,,,,,,,,,,,,,,,,,,,,,,,,,,,,CP3H,,CU4H,,,CP3H,CP3H,,,,,,CP3H,,,,,CU4H,CP3H,,CP3H,,CU4H,,CP3H,,,CP3H,CP3H,CP3H,,CU4H,CP3H,CP3H,,,,,,CP3H,,CP3_H,CP3H,,,CP3H,CP3H,CU4H,cp3h,CP3H,,,CU4H,CP3H,CP3H,,,cp3h,CU4H,CP3H,,CP3H,CP3H,,CP3H,,,CU4H,cp3h,CP3H,,CP3H,,,,CP3H,,,CP3H,CP3H,,CP3H,CP3H,,,,CU4H,CP3H,cp3h,,,CU4H,CP3H,CP3H,CP3H,,CP3H,,,CP3H,CP3H,,,,,,,
FPNOWUSDIA,FP method currently used: Diaphragm,,CP3I,CU4I,CP3I,,,,CP3I,,CU4I,CP3I,CU4I,,,,CP3I,CP3I,CP3I,CP3I,cp3i,CP3I,,,,,CU4I,CU4I,CP3I,CP3I,,,CP3I,,CU4I,CP3I,,CP3I,CP3I,,CU4I,CP3I,CP3I,,CU4I,CP3I,,CU4I,,CP3I,,,,CP3I,,,,CP3I,CP3I,CP3I,,,,CU4I,CP3I,CP3I,CU4I,CP3I,,CP3I,,CU4I,,,,CU4H,,,,CP3I,,CP3I,CP3I,,,,CU4I,CP3I,,CP3I,CU4I,CP3I,CP3I,,,,,,,,,CU4I,cp3i,CP3I,,,,CP3I,CP3I,CP3I,,,cp3i,CP3I,,,,CP3I,,,CU4I,,,,,,CP3I,,,,,,,,,CP3I,,CP3I,,CU4I,CP3I,CP3_I,CP3I,CP3I,CP3I,,CP3I,,,,,,,,,,,,,,,,,,,,,,,,,,,,,,,,,,,,,,,,,,,,,,,,,,,CP3I,,CU4I,,,CP3I,CP3I,,,,,,CP3I,,,,,CU4I,CP3I,,CP3I,,CU4I,,CP3I,,,CP3I,CP3I,CP3I,,CU4I,CP3I,CP3I,,,CP3I,,,CP3I,,CP3_I,CP3I,,,CP3I,CP3I,CU4I,cp3i,CP3I,,,CU4I,CP3I,CP3I,,,cp3i,CU4I,CP3I,,CP3I,CP3I,,CP3I,,,CU4I,cp3i,CP3I,CU4I,CP3I,,,,CP3I,,,CP3I,CP3I,,CP3I,CP3I,,,,CU4I,CP3I,cp3i,,,CU4I,CP3I,CP3I,CP3I,,CP3I,,,CP3I,CP3I,,,,,,,
FPNOWUSFOA,FP method currently used: Foam/Jelly,,CP3J,CU4J,,,,,CP3J,,CU4J,CP3J,CU4J,,,,CP3J,CP3J,CP3J,CP3J,cp3j,CP3J,,,CP3J,,CU4J,CU4J,CP3J,CP3J,,,CP3J,,CU4J,CP3J,,CP3J,CP3J,,CU4J,CP3J,CP3J,,CU4J,CP3J,,CU4J,,CP3J,,,,CP3J,,,,CP3J,CP3J,CP3J,,,,CU4J,CP3J,CP3J,CU4J,CP3J,,,,CU4J,,,,CU4I,,,,CP3J,,CP3J,CP3J,,,,CU4J,CP3J,,CP3J,CU4J,CP3J,CP3J,,,,,,,,,CU4J,cp3j,CP3J,,,,CP3J,CP3J,CP3J,,,cp3j,CP3J,,,,CP3J,,,CU4J,,,,,,CP3J,CP3J,,,,,,,,CP3J,,CP3J,,CU4J,CP3J,CP3_J,CP3J,CP3J,CP3J,,CP3J,,,,,,,,,,,,,,,,,,,,,,,,,,,,,,,,,,,,,,,,,,,,,,,,,,,CP3J,,CU4J,,,CP3J,CP3J,,,,,,CP3J,,,,,CU4J,CP3J,,CP3J,,CU4J,,,,,CP3J,CP3J,CP3J,,CU4J,CP3J,CP3J,,,CP3J,,,CP3J,,CP3_J,CP3J,,,CP3J,CP3J,CU4J,cp3j,CP3J,,,CU4J,CP3J,CP3J,,,cp3j,CU4J,CP3J,,CP3J,CP3J,,CP3J,,,CU4J,cp3j,CP3J,CU4J,CP3J,,,,CP3J,,,CP3J,CP3J,,CP3J,CP3J,,,,CU4J,CP3J,cp3j,,,CU4J,CP3J,CP3J,CP3J,,CP3J,,,CP3J,CP3J,,,,,,,
FPNOWUSLAM,FP method currently used: LAM,,CP3K,CU4K,CP3K,,,,,,CU4K,CP3K,CU4K,,,,CP3K,CP3K,CP3K,CP3K,cp3k,CP3K,,,CP3K,,CU4K,CU4K,CP3K,CP3K,,,CP3K,,,CP3K,,CP3K,CP3K,,CU4K,CP3K,CP3K,,CU4K,CP3K,,CU4K,,CP3K,,,,CP3K,,,,CP3K,CP3K,CP3K,,,,CU4K,CP3K,CP3K,CU4K,,,CP3K,,CU4K,,,,CU4J,,,,CP3K,,CP3K,CP3K,,,,CU4K,CP3K,,CP3K,CU4K,CP3K,,,,,,,,,,CU4K,cp3k,CP3K,,,,CP3K,CP3K,CP3K,,,cp3k,CP3K,,,,CP3K,,,CU4K,,,,,,CP3K,,,,,,,,,CP3K,,,,CU4K,CP3K,CP3_K,,CP3K,CP3K,,CP3K,,,,,,,,,,,,,,,,,,,,,,,,,,,,,,,,,,,,,,,,,,,,,,,,,,,,,CU4K,,,CP3K,CP3K,,,,,,CP3K,,,,,CU4K,CP3K,,CP3K,,CU4K,,,,,CP3K,CP3K,,,CU4K,CP3K,CP3K,,,CP3K,,,CP3K,,,CP3K,,,CP3K,CP3K,CU4K,cp3k,CP3K,,,CU4K,CP3K,,,,cp3k,CU4K,CP3K,,CP3K,CP3K,cp3k,CP3K,,,CU4K,cp3k,CP3K,CU4K,CP3K,,,,CP3K,,,CP3K,,,CP3K,CP3K,,,,CU4K,CP3K,cp3k,,,CU4K,CP3K,CP3K,,,CP3K,,,CP3K,CP3K,,,,,,,
FPNOWUSEC,FP method currently used: Emergency Contraception,,,,,,,,,,,,,,,,,,,,,,,,,,,,,,,,,,,,,,,,,,,,,,,,,,,,,,,,,,,,,,,,,,,,,CP3P,,,,,,,,,,,,,,,,,,,,,,,,,,,,,,,,,,,,,,,,,,,,,,,,,,,,,,,,,,,,,,,,,,,,CP3O,,,,,,,,,,,,,,,,,,,,,,,,,,,,,,,,,,,,,,,,,,,,,,,,,,,,,,,,,,,,,,,,,,,,,,,,,,,,,,,,,,,,,,,,CP3N,,,,,,,,,,,,,,,,,,,,,,,,,,,,,,,,,,,,,,,,,,,,,,,,,,,,,,,,,,,,,,,,,,,,,,,,,,,,,,,
FPNOWUSPAT,FP method currently used: Patch,,,,,,,,,,,,,,,,,,,,,,,,,,,,,,,,,,,,,,,,,,,,,,,,,,,,,,,,,,,,,,,,,,,,,CP3N,,,,,,,,,,,,,,,,,,,,,,,,,,,,,,,,,,,,,,,,CP3N,,,,,,,,,,,,,,,,,,,,,,,,,,,,CP3N,,,,,,,,,,,,,,,,,,,,,,,,,,,,,,,,,,,,,,,,,,,,,,,,,,,,,,,,,,,,,,,,,,,,,,,,,,,,,,,,,,,,,,,,,,,,,,,,,,,,,,,,,,,,,,,,,,,,,,,,,,,,,,,,,,,,,,,,,,,,,,CP3N,,,,,,,,,,,,,,,,,,,,,,,,,
FPNOWUSRING,FP method currently used: Ring,,,,,,,,,,,,,,,,,,,,,,,,,,,,,,,,,,,,,,,,,,,,,,,,,,,,,,,,,,,,,,,,,,,,,,,,,,,,,,,,,,,,,,,,,,,,,,,,,,,,,,,,,,,,,,,,,,,,,,,,,,,,,,,,,,,,,,,,,,,,,,,,,,,,,,,,,,,,,,,,,,,,,,,,,,,,,,,,,,,,,,,,,,,,,,,,,,,,,,,,,,,,,,,,,,,,,,,,,,,,,,,,,,,,,,,,,,,,,,,,,,,,,,,,,,,,,,,,,,,,,,,,,,,,,,,,,,,,,,,CP3O,,,,,,,,,,,,,,,,,,,,,,,,,
FPNOWUSRHY,FP method currently used: Rhythm,,CP3L,CU4L,CP3L,,,,CP3L,,CU4L,CP3L,CU4L,,,,CP3L,CP3L,CP3L,CP3L,cp3l,CP3L,,,CP3L,,CU4L,CU4L,CP3L,CP3L,,,CP3L,,CU4L,CP3L,,CP3L,CP3L,,CU4L,CP3L,CP3L,,CU4L,CP3L,,CU4L,,CP3L,,,,CP3L,,,,CP3L,CP3L,CP3L,,,,CU4L,CP3L,CP3L,CU4L,CP3L,,CP3L,,CU4L,,,,CU4K,,,,CP3L,,CP3L,CP3L,,,,CU4L,CP3L,,CP3L,CU4L,CP3L,CP3L,,,,,,,,,CU4L,cp3l,CP3L,,,,CP3L,CP3L,CP3L,,,cp3l,CP3L,,,,CP3L,,,CU4L,,,,,,CP3L,CP3L,,,,,,,,CP3L,,CP3L,,CU4L,CP3L,CP3_L,CP3L,CP3L,CP3L,,CP3L,,,,,,,,,,,,,,,,,,,,,,,,,,,,,,,,,,,,,,,,,,,,,,,,,,,CP3L,,CU4L,,,CP3L,CP3L,,,,,,CP3L,,,,,CU4L,CP3L,,CP3L,,CU4L,,CP3L,,,CP3L,CP3L,CP3L,,CU4L,CP3L,CP3L,,,CP3L,,,CP3L,,CP3_L,CP3L,,,CP3L,CP3L,CU4L,cp3l,CP3L,,,CU4L,CP3L,CP3L,,,cp3l,CU4L,CP3L,,CP3L,CP3L,cp3l,CP3L,,,CU4N,cp3l,CP3L,CU4L,CP3L,,,,CP3L,,,CP3L,CP3L,,CP3L,CP3L,,,,CU4L,CP3L,cp3l,,,CU4L,CP3L,CP3L,CP3L,,CP3L,,,CP3L,CP3L,,,,,,,
FPNOWUSWD,FP method currently used: Withdrawal,,CP3M,CU4M,CP3M,,,,CP3M,,CU4M,CP3M,CU4M,,,,CP3M,CP3M,CP3M,CP3M,cp3m,CP3M,,,CP3M,,CU4M,CU4M,CP3M,CP3M,,,CP3M,,CU4M,CP3M,,CP3M,CP3M,,CU4M,CP3M,CP3M,,CU4M,CP3M,,CU4M,,CP3M,,,,CP3M,,,,CP3M,CP3M,CP3M,,,,CU4M,CP3M,CP3M,CU4M,CP3M,,CP3M,,CU4M,,,,CU4L,,,,CP3M,,CP3M,CP3M,,,,CU4M,CP3M,,CP3M,CU4M,CP3M,CP3M,,,,,,,,,CU4M,cp3m,CP3M,,,,CP3M,CP3M,CP3M,,,cp3m,CP3M,,,,CP3M,,,CU4M,,,,,,CP3M,CP3M,,,,,,,,CP3M,,CP3M,,CU4M,CP3M,CP3_M,CP3M,CP3M,CP3M,,CP3M,,,,,,,,,,,,,,,,,,,,,,,,,,,,,,,,,,,,,,,,,,,,,,,,,,,CP3M,,CU4M,,,CP3M,CP3M,,,,,,CP3M,,,,,CU4M,CP3M,,CP3M,,CU4M,,,,,CP3M,CP3M,CP3M,,CU4M,CP3M,CP3M,,,CP3M,,,CP3M,,CP3_M,CP3M,,,CP3M,CP3M,CU4M,cp3m,CP3M,,,CU4M,CP3M,CP3M,,,cp3m,CU4M,CP3M,,CP3M,CP3M,cp3m,CP3M,,,CU4M,cp3m,CP3M,CU4M,CP3M,,,,CP3M,,,CP3M,CP3M,,CP3M,CP3M,,,,CU4M,CP3M,cp3m,,,CU4M,CP3M,CP3M,CP3M,,CP3M,,,CP3M,CP3M,,,,,,,
FPNOWUSBF,FP method currently used: Breastfeeding,,,,,,,,CP3K,,,,,,,,,,,,,,,,,,,,,,,,,,CU4K,,,,,,,,,,,,,,,,,,,,,,,,,,,,,,,,,,,,,,,,,,,,,,,,,,,,,,,,,,,,,,,,,,,,,,,,,,,,,,,,,,,,,,,,,,,,,,,,,,,,,,,,,,,,,,,,,,,,,,,,,,,,,,,,,,,,,,,,,,,,,,,,,,,,,,,,,,,,,,,,,,,,,,,,,,,,,,,,,,,,,,,,,,,,,,,,,,,,,,,,,,,,CP3_K,,,,,,,,,,,,,,,,,,,,,,,,,,,,,,,,,,,,,,,,,,,,,,,,,,,,,,,,,,,,,,,,,,
FPNOWUSOTH,FP method currently used: Other,,CP3X,CU4N,CP3X,,,,CP3X,,CU4N,CP3X,CU4N,,,,CP3X,CP3X,CP3X,CP3X,cp3x,CP3X,,,CP3X,,CU4N,CU4N,CP3X,CP3X,,,CP3X,,CU4N,CP3X,,CP3X,CP3X,,CU4N,CP3X,CP3X,,CU4N,CP3X,,CU4N,,CP3X,,,,CP3X,,,,CP3X,CP3X,CP3X,,,,CU4N,CP3X,CP3X,CU4N,CP3X,,CP3X,,CU4N,,,,CU4M,,,,CP3X,,CP3X,CP3X,,,,CU4N,CP3X,,CP3X,CU4N,CP3X,CP3X,,,,,,,,,CU4N,cp3x,CP3X,,,,CP3X,CP3X,CP3X,,,cp3x,CP3X,,,,CP3X,,,CU4N,,,,,,CP3X,CP3X,,,,,,,,CP3X,,CP3X,,CU4N,CP3X,CP3_X,CP3X,CP3X,CP3X,,CP3X,,,,,,,,,,,,,,,,,,,,,,,,,,,,,,,,,,,,,,,,,,,,,,,,,,,CP3X,,CU4N,,,CP3X,CP3X,,,,,,CP3X,,,,,CU4N,CP3X,,CP3X,,CU4N,,CP3X,,,CP3X,CP3X,CP3X,,CU4N,CP3X,CP3X,,,CP3X,,,CP3X,,CP3_X,CP3X,,,CP3X,CP3X,CU4N,cp3x,CP3X,,,CU4N,CP3X,CP3X,,,cp3x,CU4N,CP3X,,CP3X,CP3X,cp3x,CP3X,,,CU4O,cp3x,CP3X,CU4N,CP3X,,,,CP3X,,,CP3X,CP3X,,CP3X,CP3X,,,,CU4N,CP3X,cp3x,,,CU4N,CP3X,CP3X,CP3X,,CP3X,,,CP3X,CP3X,,,,,,,
FPNOWUSNSP,FP method currently used: Not specified,,,,,,,,,,,,,,,,,,,,,,,,,,,,,,,,CP3Z,,,,,,,,,,,,,,,,,CP3Q,,,,,,,,,,,,,,,,,,,,,,,,,,,,,,,,,,,,,,,,,,,,,,,,,,,,,,,,,,,,,,,,,,,,,,,,,,,,,,,,,,,,,,,,CP3Q,,,,,,,,,,,,,,,,,,,,,,,,,,,,,,,,,,,,,,,,,,,,,,,,,,,,,,,,,,,,,,,,,,,,,,,,,,,,,,,,,,,,,,,,,,,,,,,,,,,,,,,,,,,CU4Z,,,,,,,,,,,,,,,,,,,,,,,,,,,,,,,,CP3Q,,,,,,,,,,,,,,,,,,,,,,,,,,,,
FPNOWUSOTHMOD,FP method currently used: Other Modern,,,,,,,,,,CU4Z,,,,,,,,,,,,,,,,,,,,,,,,,,,,,,,,,,,,,,,,,,,,,,,,,,,,,,,,,,,,,,,,,,,,,,,,,,,,,,,,,,,,,,,,,,,,,,,,,,,,,,,,,,,,,,,,,,,,,,,,,,,,,,,,,,,,,,,,,,,,,,,,,,,,,,,,,,,,,,,,,,,,,,,,,,,,,,,,,,,,,,,,,,,,,,,,,,,,,,,,,,,,,,,,,,,,,,,,,,,,,,,,,,,,,,,,,,,,,,,,,,,,,,,,,,,,,,,,,,,,,,,,,,,,,,,,,,,,,,,,,,,,,,,,,,,,,,
FPNOWUSOTHTRAD,FP method currently used: Other Traditional,,,,,,,,,,,,,,,,,,,,,,,,,,,,,,,,,,,,,,,,,,,,,,,,,,,,,,,,,,,,,,,,,,,,,,,,,,,,,,,,,,,,,,,,,,,,,,,,,,,,,,,,,,,,,,,,,,,,,,,,,,,,,,,,,,,,,,,,,,,,,,,,,,,,,,,,,,,,,,,,,,,,,,,,,,,,,,,,,,,,,,,,,,,,,,,,,,,,,,,,,,,,,,,,,,,,,,,,,,,,,,,,,,,,,,,,,,,,,,,,,,,,,,,,,,,,,,,,,,,,,,,,CU4L,cp3n,,,,,,,,,,,,,,,,,,,,,,,,,,,,,,,,,,,,,,,
BIRTHLAST2YRS,Had Birth In the Last Two Years,,CM13,,CM12,,,,CM13,,,CM13,,,,CM12,CM13,CM13,CM12,CM13,cm12,CM13,,,CM13,,,,CM12,CM13,,,CM12,,,CM12,,,CM13,,,CM12,CM13,,,CM13,,,,CM13,,,,CM12,,,,,CM13,CM13,,,,,CM13,CM12,,CM13,,CM13,,,,,,,cm12,,,CM12,,CM12,CM13,,,,,CM12,,CM12,,CM12,CM13,,,,,,,,,,cm12,CM13,,CM12,CM13,CM12,CM13,CM13,,,cm12,CM13,,,WP4,CM13,,,,,,,,,CM12,CM13,,,,,,,CM12,CM12,,CM13,,,CM12,CM13,CM13,CM12,CM13,,,,,,,,,,,,,,,,,,,,,,,,,,,,,,,,,,,,,,,,,CM13,CM13,,,,,,,,,,,CM13,,,,,CM12,CM13,,,,,,CM13,,,,,,CM13,,CM13,,,,CM13,,,CM12,CM13,CM13,,,CM12,CM13,,,CM12,,,CM13,,,CM13,,,CM13,CM13,,cm12,CM13,,,,CM13,CM13,,,cm12,,CM12,,CM12,CM13,cm12,CM13,,,,cm12,CM13,,CM12,,,,CM13,,,CM12,CM13,,CM12,,,,CM13,,CM12,cm12,,,,cm12,CM13,CM13,,CM12,,,cm12,CM13,,,,,,,
PREGNANT,Currently Pregnant,,CP1,,CP1,,,,CP1,,,CP1,,,,,CP1,CP1,CP1,CP1,cp1,CP1,,,CP1,,,,CP1,CP1,,,CP1,,,CP1,,CP1,CP1,,,CP1,CP1,,,CP1,,,,CP1,,,,CP1,,,,CP1,CP1,CP1,,,,,CP1,CP1,,CP1,,CP1,,,,,,,,,,CP1,,CP1,CP1,,,,,CP1,,CP1,,CP1,CP1,,,,,,,,,,cp1,CP1,,,,CP1,CP1,CP1,,,cp1,CP1,,,,CP1,,,,,,,,,CP1,CP1,,,,,,,CP1,CP1,,CP1,,,CP1,CP1,CP1,CP1,CP1,,CP1,,,,,,,,,,,,,,,,,,,,,,,,,,,,,,,,,,,,,,,,CP1,,,,,,,,,,,CP1,,,,,CP1,CP1,,,,,,CP1,,,,,,CP1,,CP1,,,,CP1,,,CP1,CP1,CP1,,,CP1,CP1,,,CP1,,,CP1,,CP1,CP1,,,CP1,CP1,,cp1,CP1,,,,CP1,CP1,,,cp1,,CP1,,CP1,CP1,cp1,CP1,,,,cp1,CP1,,CP1,,,,CP1,,,CP1,CP1,,CP1,CP1,,,,,CP1,cp1,,,,cp1,CP1,CP1,,CP1,,,cp1,CP1,,,,,,,
FPEVUSE,Had Ever used method to avoid pregnancy,,,,,,,,,,,,,,,,CP2A,,,,,,,,,,,,,,,,,,,,,,CP2A,,,,,,,,,,,,,,,,,,,,,CP2A,,,,,,,,CP2A,,CP2A,,,,,,,,,,,,,,,,,,,,CP2A,,,CP2A,,,,,,,,,,,,,,,,,CP2A,,,,CP2A,,,,,,,,,,,,,,CP2A,,,,,,,,,,CP2A,,,,,CP2A,,CP2A,,,,,,,,,,,,,,,,,,,,,,,,,,,,,,,,,,,,,,,,,,CP2A,,,,,,,,,,,CP2A,,,,,,,,,,,,CP2A,,,,,,,,,,,,CP2A,,,,,CP2A,,,,,,,,,,,,,CP2A,,,,CP2A,,,,,,,,CP2A,,,,,,,,,,,,,,,,,,,,,,,,,CP2A,,,,,,,,,,,,,,,CP2A,,,,,,CP2A,,,,,,,
MENSTRUAL_LASTBIRTH,Whether Mensutral Return since Last birth,,MN23,,,,,,MN23,,,,,,,,MN23,MN23,,MN23,,MN23,,,MN23,,,,,MN23,,,,,,,,,MN23,,,,MN23,,,MN23,,,,MN23,,,,,,,,,MN23,MN23,,,,,MN23,,,MN23,,MN23,,,,,,,,,,,,,MN23,,,,,,,MN23,,,MN23,,,,,,,,,,,MN23,,,MN23,,MN23,MN23,,,,MN23,,,,MN23,,,,,,,,,,MN23,,,,,,,,MN23,,MN23,,,,MN23,MN23,,MN23,,,,,,,,,,,,,,,,,,,,,,,,,,,,,,,,,,,,,,,,,MN23,MN23,,,,,,,,,,,MN23,,,,,,MN23,,,,,,MN23,,,,,,MN23,,MN23,,,,MN23,,,,MN23,MN23,,,,MN23,,,,,,MN23,,MN23,MN23,,,MN23,MN23,,,MN23,,,,MN23,MN23,,,,,,,,MN23,,MN23,,,,,MN23,,,,,,MN23,,,,MN23,,,MN23,,,MN23,,,,,,,,MN23,MN23,,,,,,MN23,,,,,,,
PGDESIRE,Want current pregnancy at the time,,,,,,,,UN2,,,,,,,,UN2,UN2,,UN2,cp1a,UN2,,,UN2,,,,CP1A,UN2,,,CP1A,,,,,CP1A,,,,CP1A,UN2,,,UN2,,,,UN2,,,,CP1A,,,,CP1A,UN2,UN2,,,,,UN2,CP1A,,UN2,,UN2,,,,,,,,,,,,,UN2,,,,,CP1A,,UN2,,CP1A,UN2,,,,,,,,,,cp1a,UN2,,,,,UN2,UN2,,,cp1a,UN2,,,,UN2,,,,,,,,,,UN2,,,,,,,,UN2,,UN2,,,CP1A,UN2,UN2,CP1A,UN2,,,,,,,,,,,,,,,,,,,,,,,,,,,,,,,,,,,,,,,,,,UN2,,,,,,,,,,,UN2,,,,,CP1A,UN2,,,,,,UN2,,,,,,UN2,,UN2,,,,UN2,,,CP1A,UN2,UN2,,,,UN2,,,,,,UN2,,UN2,UN2,,,UN2,UN2,,cp1a,UN2,,,,UN2,UN2,,,cp1a,,CP1A,,CP1A,UN2,,UN2,,,,cp1a,UN2,,CP1A,,,,UN2,,,CP1A,UN2,,CP1A,UN2,,,,,CP1A,,,,,,UN2,UN2,,CP1A,,,,UN2,,,,,,,
PGDESIRE_NOW,Want current pregnancy at the time,,,,,,,,UN2,,,,,,,,UN2,UN2,,UN2,,UN2,,,UN2,,,,,UN2,,,,,,,,,UN2,,,,UN2,,,UN2,,,,UN2,,,,,,,,,UN2,UN2,,,,,UN2,,,UN2,,UN2,,,,,,,,,,,,,UN2,,,,,,,UN2,,,UN2,,,,,,,,,,,UN2,,,,,UN2,UN2,,,,UN2,,,,UN2,,,,,,,,,,UN2,,,,,,,,UN2,,UN2,,,,UN2,UN2,,UN2,,,,,,,,,,,,,,,,,,,,,,,,,,,,,,,,,,,,,,,,,,UN2,,,,,,,,,,,UN2,,,,,,UN2,,,,,,UN2,,,,,,UN2,,UN2,,,,UN2,,,,UN2,UN2,,,,UN2,,,,,,UN2,,UN2,UN2,,,UN2,UN2,,,UN2,,,,UN2,UN2,,,,,,,,UN2,,UN2,,,,,UN2,,,,,,UN2,,,,UN2,,,UN2,,,,,,,,,,,UN2,UN2,,,,,,UN2,,,,,,,
PGDESIRE_LATER,Want current pregnancy at a later time,,,,,,,,UN3,,,,,,,,UN3,UN3,,UN3,,UN3,,,UN3,,,,,UN3,,,,,,,,,UN3,,,,UN3,,,UN3,,,,UN3,,,,,,,,,UN3,UN3,,,,,UN3,,,UN3,,UN3,,,,,,,,,,,,,UN3,,,,,,,UN3,,,UN3,,,,,,,,,,,UN3,,,,,UN3,UN3,,,,UN3,,,,UN3,,,,,,,,,,UN3,,,,,,,,UN3,,UN3,,,,UN3,UN3,,UN3,,,,,,,,,,,,,,,,,,,,,,,,,,,,,,,,,,,,,,,,,,UN3,,,,,,,,,,,UN3,,,,,,UN3,,,,,,UN3,,,,,,UN3,,UN3,,,,UN3,,,,UN3,UN3,,,,UN3,,,,,,UN3,,UN3,UN3,,,UN3,UN3,,,UN3,,,,UN3,UN3,,,,,,,,UN3,,UN3,,,,,UN3,,,,,,UN3,,,,UN3,,,UN3,,,,,,,,,,,UN3,UN3,,,,,,UN3,,,,,,,
FUTCHLD_PREG,Would like to have another child (currently pregnant),,,,,,,,UN4,,,,,,,,UN4,UN4,,UN4,,UN4,,,UN4,,,,,UN4,,,CP4B,,,CP4B,,,UN4,,,,UN4,,,UN4,,,,UN4,,,,CP4B,,,,,UN4,UN4,,,,,UN4,,,UN4,,UN4,,,,,,,,,,,,,UN4,,,,,,,UN4,,,UN4,,,,,,,,,,,UN4,,,,,UN4,UN4,,,,UN4,,,,UN4,,,,,,,,,,UN4,,,,,,,,UN4,,UN4,,,,UN4,UN4,CP4B,UN4,,,,,,,,,,,,,,,,,,,,,,,,,,,,,,,,,,,,,,,,,,UN4,,,,,,,,,,,UN4,,,,,CP4B,UN4,,,,,,UN4,,,,,,UN4,,UN4,,,,UN4,,,CP4B,UN4,UN4,,,,UN4,,,,,,UN4,,UN4,UN4,,,UN4,UN4,,,UN4,,,,UN4,UN4,,,cp4b,,CP4B,,,UN4,,UN4,,,,cp4b,UN4,,CP4B,,,,UN4,,,,UN4,,,UN4,,,,,,,,,,,UN4,UN4,,,,,,UN4,,,,,,,
FUTCHLD_NPREG,Would want to have another child (not currently pregnant),,,,,,,,UN6,,,,,,,,UN6,UN6,CP4A,UN6,cp4a,UN6,,,UN6,,,,CP4A,UN6,,,CP4A,,,CP4A,,,UN6,,,CP4A,UN6,,,UN6,,,,UN6,,,,CP4A,,,,CP4A,UN6,UN6,,,,,UN6,CP4A,,UN6,,UN6,,,,,,,,,,,,CP4A,UN6,,,,,CP4A,,UN6,,CP4A,UN6,,,,,,,,,,cp4a,UN6,,,,,UN6,UN6,,,cp4a,UN6,,,,UN6,,,,,,,,,,UN6,,,,,,,,UN6,,UN6,,,CP4A,UN6,UN6,CP4A,UN6,,,,,,,,,,,,,,,,,,,,,,,,,,,,,,,,,,,,,,,,,,UN6,,,,,,,,,,,UN6,,,,,CP4A,UN6,,,,,,UN6,,,,,,UN6,,UN6,,,,UN6,,,CP4A,UN6,UN6,,,,UN6,,,CP4A,,,UN6,,UN6,UN6,,,UN6,UN6,,cp4a,UN6,,,,UN6,UN6,,,cp4a,,CP4A,,CP4A,UN6,,UN6,,,,cp4a,UN6,,CP4A,,,,UN6,,,CP4A,UN6,,CP4A,UN6,,,,,CP4A,,,,,,UN6,UN6,,CP4A,,,,UN6,,,,,,,
FUTCHLD_Unit,Desired Wait Time (unit),,,,,,,,UN7U,,,,,,,,UN7U,UN7U,CP4CU,UN7U,cp4cu,UN7U,,,UN7U,,,,CP4CU,UN7U,,,CP4CU,,,,,,UN7U,,,CP4CU,UN7U,,,UN7U,,,,UN7U,,,,CP4CU,,,,CP4CU,UN7U,UN7U,,,,,UN7U,CP4CU,,UN7U,,UN7U,,,,,,,,,,,,CP4CU,UN7U,,,,,CP4CU,,UN7U,,CP4CU,UN7U,,,,,,,,,,cp4cu,UN7U,,,,,UN7U,UN7U,,,cp4cu,UN7U,,,,UN7U,,,,,,,,,,UN7U,,,,,,,,UN7U,,UN7U,,,CP4CU,UN7_U,UN7U,CP4CU,UN7U,,,,,,,,,,,,,,,,,,,,,,,,,,,,,,,,,,,,,,,,,,UN7U,,,,,,,,,,,UN7U,,,,,CP4CU,UN7U,,,,,,UN7U,,,,,,UN7U,,UN7U,,,,UN7U,,,CP4CU,UN7U,UN7U,,,,UN7U,,,CP4CU,,,UN7U,,UN7U,UN7U,,,UN7U,UN7U,,cp4cu,UN7U,,,,UN7U,UN7U,,,cp4cu,,CP4CU,,CP4CU,UN7U,,UN7U,,,,cp4cu,UN7U,,CP4CU,,,,UN7U,,,CP4CU,UN7U,,CP4CU,UN7U,,,,,CP4CU,,,,,,UN7U,UN7U,,CP4CU,,,,UN7U,,,,,,,
FUTCHLD_Numeric,Desired Wait Time (number),,,,,,,,UN7N,,,,,,,,UN7N,UN7N,CP4CN,UN7N,cp4cn,UN7N,,,UN7N,,,,CP4CN,UN7N,,,CP4CN,,,,,,UN7N,,,CP4CN,UN7N,,,UN7N,,,,UN7N,,,,CP4CN,,,,CP4CN,UN7N,UN7N,,,,,UN7N,,,UN7N,,UN7N,,,,,,,,,,,,CP4CN,UN7N,,,,,CP4CN,,UN7N,,CP4CN,UN7N,,,,,,,,,,cp4cn,UN7N,,,,,UN7N,UN7N,,,cp4cn,UN7N,,,,UN7N,,,,,,,,,,UN7N,,,,,,,,UN7N,,UN7N,,,CP4CN,UN7_N,UN7N,CP4CN,UN7N,,,,,,,,,,,,,,,,,,,,,,,,,,,,,,,,,,,,,,,,,,UN7N,,,,,,,,,,,UN7N,,,,,CP4CN,UN7N,,,,,,UN7N,,,,,,UN7N,,UN7N,,,,UN7N,,,CP4CN,UN7N,UN7N,,,,UN7N,,,CP4CN,,,UN7N,,UN7N,UN7N,,,UN7N,UN7N,,cp4cn,UN7N,,,,UN7N,UN7N,,,cp4cn,,CP4CN,,CP4CN,UN7N,,UN7N,,,,cp4cn,UN7N,,CP4CN,,,,UN7N,,,CP4CN,UN7N,,CP4CN,UN7N,,,,,CP4CN,,,,,,UN7N,UN7N,,CP4CN,,,,UN7N,,,,,,,
FPLCHDESIRE,Want last birth at the time,,DB1,,CM13,,,,DB1,,,,,,,,DB1,DB1,CM13,DB1,cm13,DB1,,,DB1,,,,,DB1,,,CM13,,,CM13,,,DB1,,,CM13,DB1,,,DB1,,,,DB1,,,,,,,,,DB1,DB1,,,,,DB1,CM13,,DB1,,DB1,,,,,,,cm13,,,CM13,,CM13,DB1,,,,,CM13,,DB1,,CM13,DB1,,,,,,,,,,cm13,DB1,,CM13,DB1,CM13,DB1,DB1,,,cm13,DB1,,,,DB1,,,,,,,,,,DB1,,,,,,,CM13,DB1,,DB1,,,CM13,DB1,DB1,,DB1,,,,,,,,,,,,,,,,,,,,,,,,,,,,,,,,,,,,,,,,,DB1,DB1,,,,,,,,,,,DB1,,,,,CM13,DB1,,,,,,DB1,,,,,,DB1,,DB1,,,,DB1,,,CM13,DB1,DB1,,,CM13,DB1,,,,,,DB1,,DB1,DB1,,,DB1,DB1,,cm13,DB1,,,,DB1,DB1,,,cm13,,CM13,,,DB1,cm13,DB1,,,,cm13,DB1,,CM13,,,,DB1,,,CM13,DB1,,CM13,DB1,,,,,CM13,cm13,,,,cm13,DB1,DB1,,,,,cm13,DB1,,,,,,,
FPLCHDESIRE_NOW,Want last birth at the time,,DB1,,,,,,DB1,,,,,,,,DB1,DB1,,DB1,,DB1,,,DB1,,,,,DB1,,,,,,,,,DB1,,,,DB1,,,DB1,,,,DB1,,,,,,,,,DB1,DB1,,,,,DB1,,,DB1,,DB1,,,,,,,,,,,,,DB1,,,,,,,DB1,,,DB1,,,,,,,,,,,DB1,,,DB1,,DB1,DB1,,,,DB1,,,,DB1,,,,,,,,,,DB1,,,,,,,,DB1,,DB1,,,,DB1,DB1,,DB1,,,,,,,,,,,,,,,,,,,,,,,,,,,,,,,,,,,,,,,,,DB1,DB1,,,,,,,,,,,DB1,,,,,,DB1,,,,,,DB1,,,,,,DB1,,DB1,,,,DB1,,,,DB1,DB1,,,,DB1,,,,,,DB1,,DB1,DB1,,,DB1,DB1,,,DB1,,,,DB1,DB1,,,,,,,,DB1,,DB1,,,,,DB1,,,,,,DB1,,,,DB1,,,DB1,,,,,,,,,,,DB1,DB1,,,,,,DB1,,,,,,,
FPLCHDESIRE_LATER,Want last birth at a later time,,DB2,,,,,,DB2,,,,,,,,DB2,DB2,,DB2,,DB2,,,DB2,,,,,DB2,,,,,,,,,DB2,,,,DB2,,,DB2,,,,DB2,,,,,,,,,DB2,DB2,,,,,DB2,,,DB2,,DB2,,,,,,,,,,,,,DB2,,,,,,,DB2,,,DB2,,,,,,,,,,,DB2,,,DB2,,DB2,DB2,,,,DB2,,,,DB2,,,,,,,,,,DB2,,,,,,,,DB2,,DB2,,,,DB2,DB2,,DB2,,,,,,,,,,,,,,,,,,,,,,,,,,,,,,,,,,,,,,,,,DB2,DB2,,,,,,,,,,,DB2,,,,,,DB2,,,,,,DB2,,,,,,DB2,,DB2,,,,DB2,,,,DB2,DB2,,,,DB2,,,,,,DB2,,DB2,DB2,,,DB2,DB2,,,DB2,,,,DB2,DB2,,,,,,,,DB2,,DB2,,,,,DB2,,,,,,DB2,,,,DB2,,,DB2,,,,,,,,,,,DB2,DB2,,,,,,DB2,,,,,,,
CHDESIREL_01_Unit,Desire Wait Time for Last Birth (unit),,DB3U,,,,,,DB3U,,,,,,,,DB3U,DB3U,,DB3U,,DB3U,,,DB3U,,,,,DB3U,,,,,,,,,DB3U,,,,DB3U,,,DB3U,,,,DB3U,,,,,,,,,DB3U,DB3U,,,,,DB3U,,,DB3U,,DB3U,,,,,,,,,,,,,DB3U,,,,,,,DB3U,,,DB3U,,,,,,,,,,,DB3U,,,DB3U,,DB3U,DB3U,,,,DB3U,,,,DB3U,,,,,,,,,,DB3U,,,,,,,,DB3U,,DB3U,,,,DB3_U,DB3U,,DB3U,,,,,,,,,,,,,,,,,,,,,,,,,,,,,,,,,,,,,,,,,DB3U,DB3U,,,,,,,,,,,DB3U,,,,,,DB3U,,,,,,DB3U,,,,,,DB3U,,DB3U,,,,DB3U,,,,DB3U,DB3U,,,,DB3U,,,,,,DB3U,,,DB3U,,,DB3U,DB3U,,,DB3U,,,,DB3U,DB3U,,,,,,,,DB3U,,DB3U,,,,,DB3U,,,,,,DB3U,,,,DB3U,,,DB3U,,,,,,,,,,,DB3U,DB3U,,,,,,DB3U,,,,,,,
CHDESIREL_01_Numeric,Desire Wait Time for Last Birth (number),,DB3N,,,,,,DB3N,,,,,,,,DB3N,DB3N,,DB3N,,DB3N,,,DB3N,,,,,DB3N,,,,,,,,,DB3N,,,,DB3N,,,DB3N,,,,DB3N,,,,,,,,,DB3N,DB3N,,,,,DB3N,,,DB3N,,DB3N,,,,,,,,,,,,,DB3N,,,,,,,DB3N,,,DB3N,,,,,,,,,,,DB3N,,,DB3N,,DB3N,DB3N,,,,DB3N,,,,DB3N,,,,,,,,,,DB3N,,,,,,,,DB3N,,DB3N,,,,DB3_N,DB3N,,DB3N,,,,,,,,,,,,,,,,,,,,,,,,,,,,,,,,,,,,,,,,,DB3N,DB3N,,,,,,,,,,,DB3N,,,,,,DB3N,,,,,,DB3N,,,,,,DB3N,,DB3N,,,,DB3N,,,,DB3N,DB3N,,,,DB3N,,,,,,DB3N,,,DB3N,,,DB3N,DB3N,,,DB3N,,,,DB3N,DB3N,,,,,,,,DB3N,,DB3N,,,,,DB3N,,,,,,DB3N,,,,,,,DB3N,,,,,,,,,,,DB3N,DB3N,,,,,,DB3N,,,,,,,
TIMESINCESEX_Unit,Time since last sexual intercourse (unit),,,,,,,,,,,,,,,,,SB3U,,SB3U,sb2u,SB3U,,,SB3U,,,,SB2U,SB3U,,,SB2U,,,SB2U,,SB2U,SB3U,,,SB2U,SB3U,,,SB3U,,,,SB3U,,,,,,,,,SB3U,SB3U,,,,,SB3U,,,SB3U,,SB3U,,,,,,,sb2u,,,,,SB2U,SB3U,,,,,SB2U,,SB3U,,,SB3U,,,,,,,,,,,,,,,,SB3U,SB3U,,,sb2u,,,,,SB3U,,,,,,,,,SB2U,SB3U,,,,,,,,,,SB3U,,,,SB3_U,SB3U,SB2U,SB3U,,SB2U,,,,,,,,,,,,,,,,,,,,,,,,,,,,,,,,,,,,,,,,SB3U,,,,,,,,,,,,,,,,SB2U,SB3U,,,,,,SB3U,,,,,,SB3U,,SB3U,,,,SB3U,,,SB2U,SB3U,,,,SB2U,SB3U,,,,,,SB3U,,,,,,,,,sb2u,SB3U,,,,SB3U,SB3U,,,,,,,SB2U,,,,,,,sb2u,SB3U,,SB2U,,,,,,,,,,,SB3U,,,SB3U,,SB2U,,,,,,SB3U,,,,,,,SB3U,,,,,,,
TIMESINCESEX_Numeric,Time since last sexual intercourse (number),,,,,,,,,,,,,,,,,SB3N,,SB3N,sb2n,SB3N,,,SB3N,,,,SB2N,SB3N,,,SB2N,,,SB2N,,SB2N,SB3N,,,SB2N,SB3N,,,SB3N,,,,SB3N,,,,,,,,,SB3N,SB3N,,,,,SB3N,,,SB3N,,SB3N,,,,,,,sb2n,,,,,SB2N,SB3N,,,,,SB2N,,SB3N,,,SB3N,,,,,,,,,,,,,,,,SB3N,SB3N,,,,,,,,SB3N,,,,,,,,,SB2N,SB3N,,,,,,,,,,SB3N,,,,SB3_N,SB3N,SB2N,SB3N,,SB2N,,,,,,,,,,,,,,,,,,,,,,,,,,,,,,,,,,,,,,,,SB3N,,,,,,,,,,,,,,,,SB2N,SB3N,,,,,,SB3N,,,,,,SB3N,,SB3N,,,,SB3N,,,SB2N,SB3N,,,,SB2N,SB3N,,,,,,SB3N,,,,,,,,,sb2n,SB3N,,,,SB3N,SB3N,,,,,,,SB2N,,,,,,,sb2n,SB3N,,SB2N,,,,,,,,,,,SB3N,,,SB3N,,SB2N,,,,,,SB3N,,,,,,,SB3N,,,,,,,
TIMEMENSTRUATE_Unit,Time Since Last Period (unit),,,,,,,,UN13U,,,,,,,,UN13U,UN13U,,UN13U,,UN13U,,,UN13U,,,,,UN13U,,,,,,,,,UN13U,,,,UN13U,,,UN13U,,,,UN13U,,,,,,,,,UN13U,UN13U,,,,,UN13U,,,UN13U,,UN13U,,,,,,,,,,,,,UN13U,,,,,,,UN13U,,,UN13U,,,,,,,,,,,UN13U,,,,,UN13U,UN13U,,,,UN13U,,,,UN13U,,,,,,,,,,UN13U,,,,,,,,UN13U,,UN13U,,,,UN13_U,UN13U,,UN13U,,,,,,,,,,,,,,,,,,,,,,,,,,,,,,,,,,,,,,,,,,UN13U,,,,,,,,,,,UN13U,,,,,,UN13U,,,,,,UN13U,,,,,,UN13U,,UN13U,,,,UN13U,,,,UN13U,UN13U,,,,UN13U,,,,,,UN13U,,UN13U,UN13U,,,UN13U,UN13U,,,UN13U,,,,UN13U,UN13U,,,,,,,,UN13U,,UN13U,,,,,UN13U,,,,,,UN13U,,,,UN13U,,,UN13U,,,,,,,,,,,UN13U,UN13U,,,,,,UN13U,,,,,,,
TIMEMENSTRUATE_Numeric,Time Since Last Period (number),,,,,,,,UN13N,,,,,,,,UN13N,UN13N,,UN13N,,UN13N,,,UN13N,,,,,UN13N,,,,,,,,,UN13N,,,,UN13N,,,UN13N,,,,UN13N,,,,,,,,,UN13N,UN13N,,,,,UN13N,,,UN13N,,UN13N,,,,,,,,,,,,,UN13N,,,,,,,UN13N,,,UN13N,,,,,,,,,,,UN13N,,,,,UN13N,UN13N,,,,UN13N,,,,UN13N,,,,,,,,,,UN13N,,,,,,,,UN13N,,UN13N,,,,UN13_N,UN13N,,UN13N,,,,,,,,,,,,,,,,,,,,,,,,,,,,,,,,,,,,,,,,,,UN13N,,,,,,,,,,,UN13N,,,,,,UN13N,,,,,,UN13N,,,,,,UN13N,,UN13N,,,,UN13N,,,,UN13N,UN13N,,,,UN13N,,,,,,UN13N,,UN13N,UN13N,,,UN13N,UN13N,,,UN13N,,,,UN13N,UN13N,,,,,,,,UN13N,,UN13N,,,,,UN13N,,,,,,UN13N,,,,UN13N,,,UN13N,,,,,,,,,,,UN13N,UN13N,,,,,,UN13N,,,,,,,
INTDATECMC,Date of interview women (CMC),,WDOI,CMCDOI,cmcdoiw,,,,WDOI,,CMCDOI,WDOI,CMCDOI,,,cmcdoiw,WDOI,WDOI,cmcdoiw,WDOI,cmcdoiw,WDOI,,,WDOI,,CMCDOI,CMCDOI,cmcdoiw,WDOI,,,cmcdoiw,,CMCDOI,cmcdoiw,CMCDOI,cmcdoiw,WDOI,,CMCDOI,cmcdoiw,WDOI,,CMCDOI,WDOI,,CMCDOI,,WDOI,,,CMCDOI,cmcdoiw,,,,cmcdoiw,WDOI,WDOI,,,,CMCDOI,WDOI,cmcdoiw,CMCDOI,WDOI,,WDOI,,CMCDOI,,,,CMCDOI,cmcdoiw,,,cmcdoiw,,cmcdoiw,WDOI,,,,CMCDOI,cmcdoiw,,WDOI,CMCDOI,cmcdoiw,WDOI,,,,,,,,,CMCDOI,cmcdoiw,WDOI,,cmcdoiw,WDOI,cmcdoiw,WDOI,WDOI,CMCDOI,,cmcdoiw,WDOI,,CMCDOI,cmcdoiw,WDOI,,,CMCDOI,,,,CMCDOI,,cmcdoiw,WDOI,,,,,,,cmcdoiw,WDOI,,WDOI,,CMCDOI,cmcdoiw,WDOI,WDOI,cmcdoiw,WDOI,,CMCDOIW,,,,,,,,,,,,,,,,,,,,,,,,,,,,,,,,,,,,,,,WDOI,WDOI,,,,,,,,,,,WDOI,,CMCDOI,,,CMCDOIW,WDOI,,,,,,WDOI,,,,,CMCDOI,WDOI,CMCDOI,WDOI,,CMCDOI,,WDOI,,CMCDOI,cmcdoiw,WDOI,WDOI,,CMCDOI,cmcdoiw,WDOI,,,cmcdoiw,,,WDOI,,wdoi,WDOI,,,WDOI,WDOI,CMCDOI,cmcdoiw,WDOI,,,CMCDOI,WDOI,WDOI,,,cmcdoiw,CMCDOI,cmcdoiw,,cmcdoiw,WDOI,cmcdoiw,wdoi,,,CMCDOI,cmcdoiw,WDOI,CMCDOI,cmcdoiw,,,,WDOI,,,cmcdoiw,WDOI,,cmcdoiw,WDOI,,,WDOI,CMCDOI,cmcdoiw,cmcdoiw,CMCDOI,,CMCDOI,cmcdoiw,WDOI,WDOI,,cmcdoiw,,CMCDOI,cmcdoiw,WDOI,,,,,,,
KIDDOBCMC,Date of birth of last child (CMC),,WDOBLC,,,,,,WDOBLC,,,WDOBLC,,,,,WDOBLC,WDOBLC,,WDOBLC,,WDOBLC,,,WDOBLC,,,,,WDOBLC,,,,,,,,,WDOBLC,,,,WDOBLC,,,WDOBLC,,,,WDOBLC,,,cdob,,,,,,WDOBLC,WDOBLC,,,,,WDOBLC,,,WDOBLC,,WDOBLC,,,,,,,,,,,,,WDOBLC,,,,,,,WDOBLC,,,WDOBLC,,,,,,,,,,ccdob1,WDOBLC,,,WDOBLC,,WDOBLC,WDOBLC,,,,WDOBLC,,,,WDOBLC,,,,,,,,,CMCLB,WDOBLC,,,,,,,,WDOBLC,,WDOBLC,,,,WDOBLC,WDOBLC,,WDOBLC,,,,,,,,,,,,,,,,,,,,,,,,,,,,,,,,,,,,,,,,,WDOBLC,WDOBLC,,,,,,,,,,,WDOBLC,,,,,,WDOBLC,,,,,,WDOBLC,,,,,,WDOBLC,,WDOBLC,,,,WDOBLC,,,,WDOBLC,WDOBLC,,,,WDOBLC,,,,,,WDOBLC,,wdoblc,WDOBLC,,,WDOBLC,WDOBLC,,,WDOBLC,,,,WDOBLC,WDOBLC,,,,,,,,WDOBLC,,wdoblc,,,,,WDOBLC,,,,,,WDOBLC,,,,WDOBLC,,,WDOBLC,,,WDOBLC,,,,,,,,WDOBLC,WDOBLC,,,,,,WDOBLC,,,,,,,
MAR1STCMC,Date of marriage (CMC),,WDOM,,wdom,,,,WDOM,,,,,,,,WDOM,WDOM,,WDOM,,WDOM,,,WDOM,,,,,WDOM,,,,,,,,,WDOM,,,wdom,WDOM,,,WDOM,,,,WDOM,,,,,,,,,WDOM,WDOM,,,,,WDOM,,,WDOM,,WDOM,,,,,,,wdom,,,,,,WDOM,,,,,,,WDOM,,wdom,WDOM,,,,,,,,,,,WDOM,,,WDOM,,WDOM,WDOM,,,,WDOM,,,,WDOM,,,,,,,,,wdom,WDOM,,,,,,,,WDOM,,WDOM,,,,WDOM,WDOM,,WDOM,,,,,,,,,,,,,,,,,,,,,,,,,,,,,,,,,,,,,,,,,WDOM,WDOM,,,,,,,,,,,WDOM,,,,,,WDOM,,,,,,WDOM,,,,,,WDOM,,WDOM,,,,WDOM,,,,WDOM,WDOM,,,,WDOM,,,,,,WDOM,,wdom,WDOM,,,,WDOM,,wdom,WDOM,,,,WDOM,WDOM,,,,,,,wdom,WDOM,,wdom,,,,wdom,WDOM,,,,,,WDOM,,,,WDOM,,,WDOM,,,WDOM,,,,,,,wdom,WDOM,WDOM,,,,,wdom,WDOM,,,,,,,
MENOPAUSAL,Reason: Menopausal,,,,,,,,UN11B,,,,,,,,UN11B,UN11B,,UN11B,,UN11B,,,UN11B,,,,,UN11B,,,,,,,,,UN11B,,,,UN11B,,,UN11B,,,,UN11B,,,,,,,,,UN11B,UN11B,,,,,UN11B,,,UN11B,,UN11B,,,,,,,,,,,,,UN11B,,,,,,,UN11B,,,UN11B,,,,,,,,,,,UN11B,,,,,UN11B,UN11B,,,,UN11B,,,,UN11B,,,,,,,,,,UN11B,,,,,,,,UN11B,,UN11B,,,,UN11_B,UN11B,,UN11B,,,,,,,,,,,,,,,,,,,,,,,,,,,,,,,,,,,,,,,,,,UN11B,,,,,,,,,,,UN11B,,,,,,UN11B,,,,,,UN11B,,,,,,UN11B,,UN11B,,,,UN11B,,,,UN11B,UN11B,,,,UN11B,,,,,,UN11B,,UN11B,UN11B,,,UN11B,UN11B,,,UN11B,,,,UN11B,UN11B,,,,,,,,UN11B,,UN11B,,,,,UN11B,,,,,,UN11B,,,,UN11B,,,UN11B,,,,,,,,,,,UN11B,UN11B,,,,,,UN11B,,,,,,,
NEVERMENSTRUATE,Reason: Never menstruated,,,,,,,,UN11C,,,,,,,,UN11C,UN11C,,UN11C,,UN11C,,,UN11C,,,,,UN11C,,,,,,,,,UN11C,,,,UN11C,,,UN11C,,,,UN11C,,,,,,,,,UN11C,UN11C,,,,,UN11C,,,UN11C,,UN11C,,,,,,,,,,,,,UN11C,,,,,,,UN11C,,,UN11C,,,,,,,,,,,UN11C,,,,,UN11C,UN11C,,,,UN11C,,,,UN11C,,,,,,,,,,UN11C,,,,,,,,UN11C,,UN11C,,,,UN11_C,UN11C,,UN11C,,,,,,,,,,,,,,,,,,,,,,,,,,,,,,,,,,,,,,,,,,UN11C,,,,,,,,,,,UN11C,,,,,,UN11C,,,,,,UN11C,,,,,,UN11C,,UN11C,,,,UN11C,,,,UN11C,UN11C,,,,UN11C,,,,,,UN11C,,UN11C,UN11C,,,UN11C,UN11C,,,UN11C,,,,UN11C,UN11C,,,,,,,,UN11C,,UN11C,,,,,UN11C,,,,,,UN11C,,,,UN11C,,,UN11C,,,,,,,,,,,UN11C,UN11C,,,,,,UN11C,,,,,,,
HYSTERECTOMY,Reason: Hysterectomy,,,,,,,,UN11D,,,,,,,,UN11D,UN11D,,UN11D,,UN11D,,,UN11D,,,,,UN11D,,,,,,,,,UN11D,,,,UN11D,,,UN11D,,,,UN11D,,,,,,,,,UN11D,UN11D,,,,,UN11D,,,UN11D,,UN11D,,,,,,,,,,,,,UN11D,,,,,,,UN11D,,,UN11D,,,,,,,,,,,UN11D,,,,,UN11D,UN11D,,,,UN11D,,,,UN11D,,,,,,,,,,UN11D,,,,,,,,UN11D,,UN11D,,,,UN11_D,UN11D,,UN11D,,,,,,,,,,,,,,,,,,,,,,,,,,,,,,,,,,,,,,,,,,UN11D,,,,,,,,,,,UN11D,,,,,,UN11D,,,,,,UN11D,,,,,,UN11D,,UN11D,,,,UN11D,,,,UN11D,UN11D,,,,UN11D,,,,,,UN11D,,UN11D,UN11D,,,UN11D,UN11D,,,UN11D,,,,UN11D,UN11D,,,,,,,,UN11D,,UN11D,,,,,UN11D,,,,,,UN11D,,,,UN11D,,,UN11D,,,,,,,,,,,UN11D,UN11D,,,,,,UN11D,,,,,,,
NOPREG2YRS,Reason: Trying to get pregnant for 2 years without result,,,,,,,,UN11E,,,,,,,,UN11E,UN11E,,UN11E,,UN11E,,,UN11E,,,,,UN11E,,,,,,,,,UN11E,,,,UN11E,,,UN11E,,,,UN11E,,,,,,,,,UN11E,UN11E,,,,,UN11E,,,UN11E,,UN11E,,,,,,,,,,,,,UN11E,,,,,,,UN11E,,,UN11E,,,,,,,,,,,UN11E,,,,,UN11E,UN11E,,,,UN11E,,,,UN11E,,,,,,,,,,UN11E,,,,,,,,,,UN11E,,,,UN11_E,UN11E,,UN11E,,,,,,,,,,,,,,,,,,,,,,,,,,,,,,,,,,,,,,,,,,UN11E,,,,,,,,,,,UN11E,,,,,,UN11E,,,,,,UN11E,,,,,,UN11E,,UN11E,,,,UN11E,,,,UN11E,UN11E,,,,UN11E,,,,,,UN11E,,UN11E,UN11E,,,UN11E,UN11E,,,UN11E,,,,UN11E,UN11E,,,,,,,,UN11E,,UN11E,,,,,UN11E,,,,,,UN11E,,,,UN11E,,,UN11E,,,,,,,,,,,UN11E,UN11E,,,,,,UN11E,,,,,,,
TOOOLD,Reason: Too Old,,,,,,,,UN11H,,,,,,,,UN11H,UN11H,,UN11H,,UN11H,,,UN11H,,,,,UN11H,,,,,,,,,UN11H,,,,UN11H,,,UN11H,,,,UN11H,,,,,,,,,UN11H,UN11H,,,,,UN11H,,,UN11H,,UN11H,,,,,,,,,,,,,UN11H,,,,,,,UN11H,,,UN11H,,,,,,,,,,,,,,,,UN11H,UN11H,,,,UN11H,,,,UN11H,,,,,,,,,,UN11H,,,,,,,,,,UN11H,,,,UN11_H,UN11H,,UN11H,,,,,,,,,,,,,,,,,,,,,,,,,,,,,,,,,,,,,,,,,,UN11H,,,,,,,,,,,UN11H,,,,,,UN11H,,,,,,UN11H,,,,,,UN11H,,UN11H,,,,UN11H,,,,UN11H,UN11H,,,,UN11H,,,,,,UN11H,,UN11H,UN11H,,,UN11H,UN11H,,,UN11H,,,,UN11H,UN11H,,,,,,,,UN11H,,UN11H,,,,,UN11H,,,,,,UN11H,,,,UN11H,,,UN11H,,,,,,,,,,,UN11H,UN11H,,,,,,UN11H,,,,,,,
EVERMARRIED,Ever married or lived with a man,,MA5,,MA3,,,,MA5,,,,,,,,MA5,MA5,MA3,MA5,,MA5,,,MA5,,,,MA3,MA5,,,MA3,,,MA3,,MA3,MA5,,,MA4,MA5,,,MA5,,,,MA5,,,,,,,,,MA5,MA5,,,,,MA5,MA3,,MA5,,MA5,,,,,,,ma3,,,MA3,,MA3,MA5,,,,,MA3,,MA5,,MA3,MA5,,,,,,,,,,ma3,MA5,,MA3,MA5,MA3,MA5,MA5,,,ma3,MA5,,,,MA5,,,,,,,,,MA3,MA5,,,,,,,MA3,MA5,,MA5,,,MA3,MA5,MA5,MA3,MA5,,MA3,,,,,,,,,,,,,,,,,,,,,,,,,,,,,,,,,,,,,,,,MA5,,,,,,,,,,,MA5,,,,,MA3,MA5,,,,,,MA5,,,,,,MA5,,MA5,,,,MA5,,,MA3,MA5,MA5,,,MA3,MA5,,,MA3,,,MA5,,,MA5,,,MA5,MA5,,ma3,MA5,,,,MA5,MA5,,,,,MA3,,MA3,MA5,ma3,MA5,,,,ma3,MA5,,MA3,,,,MA5,,,MA3,MA5,,MA3,MA5,,,MA5,,MA3,ma3,,,,ma3,MA5,MA5,,,,,ma3,MA5,,,,,,,
CURRENTMSTATUS,Current Marital Status,,MA6,hl9,,,,,MA6,,hl9,,hl9,,,WM9A,MA6,MA6,MA4,MA6,,MA6,,,MA6,,hl9,hl9,MA4,MA6,,,MA4,,,MA4,,MA4,MA6,,hl9,MA5,MA6,,hl9,MA6,,hl9,,MA6,,,hl9,,,,,,MA6,MA6,,,,hl9,MA6,MA4,hl9,MA6,,MA6,,hl9,,,,,ma4,,,MA4,,MA4,MA6,,,,hl9,MA4,,MA6,hl9,MA4,MA6,,,,,,,,,hl9,ma4,MA6,,MA4,MA6,MA4,MA6,MA6,,,ma4,MA6,,hl9,,MA6,,,hl9,,,,hl9,,MA4,MA6,,,,,,,MA4,MA6,,MA6,,hl9,MA4,MA6,MA6,MA4,MA6,,MA4,,hl9,,,,,,,,,,,,,,,,,,,,,,,,,,,,,,,,,,,,,MA6,MA6,,,,,,,,,,,MA6,,hl9,,,MA4,MA6,,,,,,MA6,,,hl9,,hl9,MA6,hl9,MA6,,hl9,,MA6,,hl9,MA4,MA6,MA6,,hl9,MA4,MA6,,,MA4,,hl9,MA6,,PHL26,MA6,,hl9,MA6,MA6,hl9,ma4,MA6,,,hl9,MA6,MA6,,,,hl9,MA4,,MA4,MA6,ma4,MA6,,,hl9,ma4,MA6,hl9,MA4,,,,MA6,,,MA4,MA6,,MA4,MA6,,,MA6,hl9,MA4,ma4,hl9,,hl9,ma4,MA6,MA6,,,,hl9,ma4,MA6,,,,,,,
CURRENTMARRIED,Currently married or living with a man,,MA1,,MA1,,,,MA1,,,,,,,MA1,MA1,MA1,MA1,MA1,,MA1,,,MA1,,,,MA1,MA1,,,MA1,,,MA1,,MA1,MA1,,,MA1,MA1,,,MA1,,,,MA1,,,,CP0,,,,,MA1,MA1,,,,,MA1,MA1,,MA1,,MA1,,,,,,cu1,ma1,,,MA1,,MA1,MA1,,,,,MA1,,MA1,,MA1,MA1,,,,,,,,,,ma1,MA1,,MA1,MA1,MA1,MA1,MA1,,,ma1,MA1,,,,MA1,,,,,,,,,MA1,MA1,,,,,,,MA1,MA1,,MA1,,,MA1,MA1,MA1,MA1,MA1,,MA1,,,,,,,,,,,,,,,,,,,,,,,,,,,,,,,,,,,,,,,MA1,MA1,,,,,,,,,,,MA1,,,,,MA1,MA1,,,,,,MA1,,,,,,MA1,,MA1,,,,MA1,,,MA1,MA1,MA1,,,MA1,MA1,,,MA1,,,MA1,,,MA1,,,MA1,MA1,,ma1,MA1,,,,MA1,MA1,,,ma1,,MA1,,MA1,MA1,ma1,MA1,,,,ma1,MA1,,MA1,,,,MA1,,,MA1,MA1,,MA1,MA1,,,MA1,,MA1,ma1,,,,ma1,MA1,MA1,,MA1,,,ma1,MA1,,,,,,,
DOBCMC,Date of birth of woman (CMC),,WDOB,WDOB,wdob,,,,WDOB,,,WDOB,WDOB,,,wdob,WDOB,WDOB,Wdob,WDOB,wdob,WDOB,,,WDOB,,WDOB,WDOB,wdob,WDOB,,,wdob,,WDOB,wdob,WDOB,wdob,WDOB,,WDOB,wdob,WDOB,,WDOB,WDOB,,WDOB,,WDOB,,,WDOB,wdob,,,,wdob,WDOB,WDOB,,,,WDOB,WDOB,wdob,WDOB,WDOB,,WDOB,,WDOB,,,,WDOB,wdob,,,wdob,,wdob,WDOB,,,,WDOB,wdob,,WDOB,,wdob,WDOB,,,,,,,,,WDOB,wdob,WDOB,,wdob,WDOB,wdob,WDOB,WDOB,WDOB,,wdob,WDOB,,WDOB,wdob,WDOB,,,WDOB,,,,WDOB,,wdob,WDOB,,,,,,,wdob,WDOB,,WDOB,,WDOB,wdob,WDOB,WDOB,wdob,WDOB,,WDOB,,,,,,,,,,,,,,,,,,,,,,,,,,,,,,,,,,,,,,,WDOB,WDOB,,,,,,,,,,,WDOB,,WDOB,,,WDOB,WDOB,,,,,,WDOB,,,,,WDOB,WDOB,WDOB,WDOB,,WDOB,,WDOB,,WDOB,wdob,WDOB,WDOB,,WDOB,wdob,WDOB,,,wdob,,,WDOB,,wdob,WDOB,,,wdob,WDOB,,wdob,WDOB,,,WDOB,WDOB,WDOB,,,wdob,WDOB,wdob,,wdob,WDOB,wdob,wdob,,,WDOB,wdob,WDOB,WDOB,wdob,,,,WDOB,,,wdob,WDOB,,wdob,WDOB,,,WDOB,WDOB,wdob,wdob,WDOB,,WDOB,wdob,WDOB,WDOB,,wdob,,WDOB,wdob,WDOB,,,,,,,
CLUSTERNO,Cluster number,,WM1,WICLNO,HH1,,,,WM1,,WICLNO,WM1,WICLNO,,,WM1,WM1,WM1,WM1,WM1,wm1,WM1,,,WM1,,WICLNO,WICLNO,WM1,WM1,,,WM1,,WICLNO,hh1,WICLNO,WM1,WM1,,WICLNO,WM1,WM1,,WICLNO,WM1,,WICLNO,,WM1,,,WICLNO,WM1,,,,WM1,WM1,WM1,,,,WICLNO,WM1,WM1,WICLNO,WM1,,WM1,,WICLNO,,,,WICLNO,wm1,,,WM1,,WM1,WM1,,,,,WM1,,WM1,WICLNO,WM1,WM1,,,,hi1,,,,,WICLNO,wm1,WM1,,HH1,WM1,WM1,WM1,WM1,hi1,,wm1,WM1,,hi1,WM1,WM1,,,WICLNO,,,,WICLNO,,WM1,WM1,,,,,,,WM1,WM1,,WM1,,WICLNO,WM1,WM1,WM1,WM1,WM1,,HH1,,ttclno,,,,,,,,,,,,,,,,,,,,,,,,,,,,,,,,,,,,,WM1,WM1,,,,,,,,,,,WM1,,WICLNO,,,WM1,WM1,,,,,,HH1,,,hi1,,WICLNO,WM1,WICLNO,WM1,,WICLNO,,WM1,,WICLNO,WM1,WM1,WM1,,WICLNO,WM1,WM1,,,WM1,,,WM1,,WM1,WM1,,,WM1,WM1,WICLNO,wm1,WM1,,,WICLNO,WM1,WM1,,,wm1,WICLNO,WM1,,WM1,WM1,wm1,WM1,,,WICLNO,wm1,WM1,hi1,WM1,,,,WM1,,,WM1,WM1,,WM1,WM1,,,WM1,hi1,WM1,wm1,WICLNO,,hi1,hh1,WM1,WM1,,WM1,,WICLNO,wm1,WM1,,,,,,,
HHNUM,Household number,,WM2,WIHHNO,HH2,,,,WM2,,WIHHNO,WM2,WIHHNO,,,WM2,WM2,WM2,WM2,WM2,wm2,WM2,,,WM2,,WIHHNO,WIHHNO,WM2,WM2,,,WM2,,WIHHNO,HH2,WIHHNO,WM2,WM2,,WIHHNO,WM2,WM2,,WIHHNO,WM2,,WIHHNO,,WM2,,,WIHHNO,WM2,,,,WM2,WM2,WM2,,,,WIHHNO,WM2,WM2,WIHHNO,WM2,,WM2,,WIHHNO,,,,WIHHNO,wm2,,,WM2,,WM2,WM2,,,,,WM2,,WM2,WIHHNO,WM2,WM2,,,,WIHHNO,,,,,WIHHNO,wm2,WM2,,HH2,WM2,WM2,WM2,WM2,hi2,,wm2,WM2,,hi2,WM2,WM2,,,WIHHNO,,,,WIHHNO,,WM2,WM2,,,,,,,WM2,WM2,,WM2,,WIHHNO,WM2,WM2,WM2,WM2,WM2,,HH2,,tthhno,,,,,,,,,,,,,,,,,,,,,,,,,,,,,,,,,,,,,WM2,WM2,,,,,,,,,,,WM2,,WIHHNO,,,WM2,WM2,,,,,,HH2,,,hi2,,WIHHNO,WM2,WIHHNO,WM2,,WIHHNO,,WM2,,WIHHNO,WM2,WM2,WM2,,WIHHNO,WM2,WM2,,,WM2,,,WM2,,WM2,WM2,,,WM2,WM2,WIHHNO,wm2,WM2,,,WIHHNO,WM2,WM2,,,wm2,WIHHNO,WM2,,WM2,WM2,wm2,WM2,,,WIHHNO,wm2,WM2,hi2,WM2,,,,WM2,,,WM2,WM2,,WM2,WM2,,,WM2,hi2,WM2,wm2,WIHHNO,,hi2,hh2,WM2,WM2,,WM2,,WIHHNO,wm2,WM2,,,,,,,
LINENO,Line number,,WM4,WILNNO,WMID,,,,WM4,,WILNNO,WM4,WILNNO,,,WM4,WM4,WM4,LN,WM4,wm4,WM4,,,WM4,,WILNNO,WILNNO,WM4,WM4,,,WM4,,WILNNO,WM4,WILNNO,WM4,WM4,,WILNNO,WM4,WM4,,WILNNO,WM4,,WILNNO,,WM4,,,WILNNO,WM4,,,,WM4,WM4,WM4,,,,WILNNO,WM4,WM4,WILNNO,WM4,,WM4,,WILNNO,,,,WILNNO,wm4,,,WM4,,WM4,WM4,,,,WILNNO,WM4,,WM4,WILNNO,WM4,WM4,,,,WILNNO,,,,,WILNNO,wm4,WM4,,WM4,WM4,WM4,WM4,WM4,,,wm4,WM4,,WILNNO,WM4,WM4,,,WILNNO,,,,WILNNO,,WM4,WM4,,,,,,,WM4,WM4,,WM4,,WILNNO,WM4,WM4,WM4,WM4,WM4,,WM4,,ttlnno,,,,,,,,,,,,,,,,,,,,,,,,,,,,,,,,,,,,,WM4,WM4,,,,,,,,,,,WM4,,WILNNO,,,WM4,WM4,,,,,,WM4,,,WILNNO,,WILNNO,WM4,WILNNO,WM4,,WILNNO,,WM4,,WILNNO,WM4,WM4,WM4,,WILNNO,WM4,WM4,,,WM4,,,WM4,,WM4,WM4,,,LN,WM4,WILNNO,wm4,WM4,,,WILNNO,WM4,WM4,,,wm4,WILNNO,WM4,,WM4,WM4,wm4,WM4,,,WILNNO,wm4,WM4,WILNNO,WM4,,,,WM4,,,WM4,LN,,WM4,WM4,,,WM4,WILNNO,WM4,wm4,WILNNO,,WILNNO,wm4,WM4,WM4,,WM4,,WILNNO,wm4,WM4,,,,,,,
EVERBIRTH,Ever Given Birth,,CM1,CM1,CM1,,,,CM1,,CM1,CM1,CM1,,,CM1,CM1,CM1,CM1,CM1,cm1,CM1,,,CM1,,CM1,CM1,CM1,CM1,,,CM1,,CM1,CM1,CM1,,CM1,,CM1,CM1,CM1,,CM1,CM1,,CM1,,CM1,,,,CM1,,,,,CM1,CM1,,,,CM1,CM1,CM1,CM1,CM1,,CM1,,CM1,,,,CM1,cm1,,,CM1,,CM1,CM1,,,,CM1,CM1,,CM1,CM1,CM1,CM1,,,,,,,,,CM1,cm1,CM1,,CM1,CM1,CM1,CM1,CM1,CM1,,cm1,CM1,,,,CM1,,,CM1,,,,CM1,,CM1,CM1,,,,,,,CM1,CM1,,CM1,,CM1,CM1,CM1,CM1,CM1,CM1,,CM1,,,,,,,,,,,,,,,,,,,,,,,,,,,,,,,,,,,,,,,CM1,CM1,,,,,,,,,,,CM1,,CM1,,,CM1,CM1,,,,,,CM1,,,CM1,,,CM1,,CM1,,CM1,,CM1,,CM1,CM1,CM1,CM1,,CM1,CM1,CM1,,,CM1,,,CM1,,CM1,CM1,,,CM1,CM1,CM1,cm1,CM1,,,CM1,CM1,CM1,,,cm1,CM1,CM1,,CM1,,cm1,CM1,,,CM1,cm1,CM1,CM1,CM1,,,,CM1,,,CM1,CM1,,CM1,CM1,,,CM1,CM1,CM1,cm1,CM1,,CM1,cm1,CM1,CM1,,CM1,,CM1,cm1,CM1,,,,,,,
BIRTHLASTYR,Live Birth in last year,,,CM11X,,,,,,,,,CM11X,,,,,,,,,,,,,,CM11X,CM11X,,,,,,,CM11X,,CM11X,,,,cm11x$,,,,CM11X,,,CM11X,,,,,CM11X,,,,,,,,,,,CM11X,,,CM11X,,,,,CM11X,,,,CM11X,,,,,,,,,,,CM11X,,,,CM11X,,,,,,,,,,,CM11X,,,,,,,,,,,,,,wi4,,,,,CM11X,,,,CM11X,,,,,,,,,,,,,,,CM11X,,,,,,,,,,,,,,,,,,,,,,,,,,,,,,,,,,,,,,,,,,,,,,,,,,,,,,,,,,,,CM11X,,,,,,,,,,,,,CM11X,,,,,,,CM11X,,,,,,,,,CM11X,,,,,,,,,,,,,,,,CM11X,,,,,CM11X,,,,,,CM11X,,,,,,,,,,,,CM11X,,,,,,,,,,,,,,,,CM11X,,,CM11X,,CM11X,,,,,,,CM11X,,,,,,,,,
LASTBIRTH_DAY,Day of last birth,,CM12D,CM11D,CM11D,,,,,,,CM12D,CM11D,,,CM11D,CM12D,CM12D,CM11D,CM12D,cm11d,CM12D,,,CM12D,,CM11D,CM11D,CM11D,CM12D,,,CM11D,,CM11D,CM11D,CM11D,,,,CM11D,CM11D,CM12D,,CM11D,CM12D,,CM11D,,CM12D,,,,CM11D,,,,,CM12D,,,,,CM11D,CM12D,CM11D,CM11D,,,,,CM11D,,,,CM11D,cm11d,,,CM11D,,CM11D,,,,,CM11D,CM11D,,,CM11D,CM11D,CM12D,,,,,,,,,CM11D,,CM12D,,CM11D,CM12D,CM11D,CM12D,,CM11D,,cm11d,,,CM11D,WP3D,,,,CM11D,,,,CM11D,,,,,,,,,,CM11D,,,,,CM11D,CM11D,,,CM11D,,,,,,,,,,,,,,,,,,,,,,,,,,,,,,,,,,,,,,,,,,,CM12D,,,,,,,,,,,,,CM11D,,,CM11D,CM12D,,,,,,CM12D,,,CM11D,,,CM12D,,CM12D,,CM11D,,,,CM11D,CM11D,CM12D,CM12D,,CM11D,CM11D,CM12D,,,,,,CM12D,,CM12D,CM12D,,,CM12D,,CM11D,cm11d,CM12D,,,CM11D,,,,,cm11d,CM11D,CM11D,,CM11D,CM12D,cm11d,CM12D,,,,cm11d,CM12D,CM11D,CM11D,,,,,,,CM11D,,,CM11D,,,,CM12D,CM11D,CM11D,cm11d,CM11D,,CM11D,cm11a,CM12D,,,,,,,,,,,,,,
LASTBIRTH_MONTH,Month of last birth,,CM12M,CM11M,CM11M,,,,,,,CM12M,CM11M,,,CM11M,CM12M,CM12M,CM11M,CM12M,cm11m,CM12M,,,CM12M,,CM11M,CM11M,CM11M,CM12M,,,CM11M,,CM11M,CM11M,CM11M,,CM12M,,CM11M,CM11M,CM12M,,CM11M,CM12M,,CM11M,,CM12M,,,,CM11M,,,,,CM12M,CM12M,,,,CM11M,CM12M,CM11M,CM11M,cm12m,,cm12m,,CM11M,,,,CM11M,cm11m,,,CM11M,,CM11M,,,,,CM11M,CM11M,,CM12M,CM11M,CM11M,cm12m,,,,,,,,,CM11M,cm11m,CM12M,,CM11M,CM12M,CM11M,CM12M,CM12M,CM11M,,cm11m,CM12M,,CM11M,WP3M,,,,CM11M,,,,CM11M,,,CM12M,,,,,,,CM11M,,,CM12M,,CM11M,CM11M,,,CM11M,CM12M,,,,,,,,,,,,,,,,,,,,,,,,,,,,,,,,,,,,,,,,,,CM12M,,,,,,,,,,,CM12M,,CM11M,,,CM11M,CM12M,,,,,,CM12M,,,CM11M,,,,,CM12M,,CM11M,,CM12M,,CM11M,CM11M,CM12M,CM12M,,CM11M,CM11M,CM12M,,,CM11M,,,CM12M,,CM12M,,,,CM12M,CM12M,CM11M,cm11m,CM12M,,,CM11M,,CM12M,,,cm11m,CM11M,CM11M,,CM11M,,cm11m,CM12M,,,,cm11m,CM12M,CM11M,CM11M,,,,CM12M,,,CM11M,CM12M,,CM11M,,,,CM12M,CM11M,CM11M,cm11m,CM11M,,CM11M,cm11b,CM12M,CM12M,,,,,cm11m,CM12M,,,,,,,
LASTBIRTH_YEAR,Year of last birth,,CM12Y,CM11Y,CM11Y,,,,,,,CM12Y,CM11Y,,,CM11Y,CM12Y,CM12Y,CM11Y,CM12Y,cm11y,CM12Y,,,CM12Y,,CM11Y,CM11Y,CM11Y,CM12Y,,,CM11Y,,CM11Y,CM11Y,CM11Y,,CM12Y,,CM11Y,CM11Y,CM12Y,,CM11Y,CM12Y,,CM11Y,,CM12Y,,,,CM11Y,,,,,CM12Y,CM12Y,,,,CM11Y,CM12Y,CM11Y,CM11Y,cm12y,,cm12y,,CM11Y,,,,CM11Y,cm11y,,,CM11Y,,CM11Y,,,,,CM11Y,CM11Y,,CM12Y,CM11Y,CM11Y,cm12y,,,,,,,,,CM11Y,cm11y,CM12Y,,CM11Y,CM12Y,CM11Y,CM12Y,CM12Y,CM11Y,,cm11y,CM12Y,,CM11Y,WP3Y,,,,CM11Y,,,,CM11Y,,,CM12Y,,,,,,,CM11Y,,,CM12Y,,CM11Y,CM11Y,,,CM11Y,CM12Y,,,,,,,,,,,,,,,,,,,,,,,,,,,,,,,,,,,,,,,,,,CM12Y,,,,,,,,,,,CM12Y,,CM11Y,,,CM11Y,CM12Y,,,,,,CM12Y,,,CM11Y,,,,,CM12Y,,CM11Y,,CM12Y,,CM11Y,CM11Y,CM12Y,CM12Y,,CM11Y,CM11Y,CM12Y,,,CM11Y,,,CM12Y,,CM12Y,,,,CM12Y,CM12Y,CM11Y,cm11y,CM12Y,,,CM11Y,,CM12Y,,,cm11y,CM11Y,CM11Y,,CM11Y,,cm11y,CM12Y,,,,cm11y,CM12Y,CM11Y,CM11Y,,,,CM12Y,,,CM11Y,CM12Y,,CM11Y,,,,CM12Y,CM11Y,CM11Y,cm11y,CM11Y,,CM11Y,cm11c,CM12Y,CM12Y,,,,,cm11y,CM12Y,,,,,,,
